order_id,order_date,first_name,last_name
1,2016-01-01,Johnathan,Velazquez
2,2016-01-01,Jaqueline,Cummings
3,2016-01-02,Joshua,Robertson
4,2016-01-03,Nova,Hess
5,2016-01-03,Arla,Ellis
6,2016-01-04,Sharyn,Hopkins
7,2016-01-04,Laureen,Paul
8,2016-01-04,Leslie,Higgins
9,2016-01-05,Neil,Mccall
10,2016-01-05,Alane,Munoz
11,2016-01-05,Tarra,Guerrero
12,2016-01-06,Marvin,Mullins
13,2016-01-08,Patience,Clayton
14,2016-01-09,Maribel,William
15,2016-01-09,Ellsworth,Michael
16,2016-01-12,Lea,Key
17,2016-01-12,Sindy,Anderson
18,2016-01-14,Lanita,Burton
19,2016-01-14,Norine,Huffman
20,2016-01-14,Randee,Pitts
21,2016-01-15,Neoma,Daugherty
22,2016-01-16,Tangela,Hurley
23,2016-01-16,Drucilla,Gilliam
24,2016-01-18,Ashton,Lott
25,2016-01-18,Sam,Lester
26,2016-01-18,Jackeline,Colon
27,2016-01-19,Pamala,Henry
28,2016-01-19,Eleni,Gordon
29,2016-01-20,Laureen,Barry
30,2016-01-20,Yvone,Guerrero
31,2016-01-20,Edgar,Quinn
32,2016-01-21,Kimbery,Nieves
33,2016-01-21,Verona,O'neill
34,2016-01-22,Sarai,Mckee
35,2016-01-22,Neville,Mcclain
36,2016-01-23,Shantel,Gregory
37,2016-01-25,Tomika,Larson
38,2016-01-25,Lashandra,Turner
39,2016-01-25,Travis,Whitley
40,2016-01-27,Darren,Witt
41,2016-01-27,Ingeborg,Ellison
42,2016-01-27,Corene,Swanson
43,2016-01-27,Elana,Miles
44,2016-01-28,Olympia,Figueroa
45,2016-01-28,Carissa,Cross
46,2016-01-29,Eldridge,Greer
47,2016-01-29,Joshua,Berg
48,2016-01-30,Josephine,Dale
49,2016-01-31,Taisha,Vang
50,2016-01-31,Silas,Tate
51,2016-02-01,Jamaal,Baker
52,2016-02-03,Twana,Arnold
53,2016-02-03,Margit,Osborn
54,2016-02-04,Inge,Olsen
55,2016-02-04,Chanel,May
56,2016-02-04,Nathaniel,Davidson
57,2016-02-04,Dalia,Carson
58,2016-02-05,Tiana,Henderson
59,2016-02-05,Rodney,Odom
60,2016-02-06,Joesph,Delacruz
61,2016-02-06,Mark,Garrett
62,2016-02-07,Denis,Logan
63,2016-02-07,Dann,Huff
64,2016-02-07,Corine,Stuart
65,2016-02-08,Serafina,Clemons
66,2016-02-09,Susannah,Fields
67,2016-02-09,Lazaro,Moran
68,2016-02-10,Kristen,Alvarez
69,2016-02-10,Ophelia,Decker
70,2016-02-11,Cleotilde,Booth
71,2016-02-11,Cathey,Lamb
72,2016-02-12,Cesar,Wilkins
73,2016-02-12,Gabriel,Wagner
74,2016-02-13,Mariela,Huffman
75,2016-02-14,Euna,Lopez
76,2016-02-16,Genoveva,Baldwin
77,2016-02-16,Rochelle,Ward
78,2016-02-16,Trinidad,Chapman
79,2016-02-17,Ellena,Clements
80,2016-02-17,Jeannie,Wilcox
81,2016-02-17,Max,Charles
82,2016-02-18,Bronwyn,Vargas
83,2016-02-19,Gertrude,Terry
84,2016-02-20,Christia,Wilkins
85,2016-02-20,Aaron,Knapp
86,2016-02-21,Lavette,Wright
87,2016-02-21,Rosa,Kinney
88,2016-02-21,Rodolfo,Buck
89,2016-02-21,Calandra,Stanton
90,2016-02-23,Romaine,Haley
91,2016-02-25,Catrice,Hicks
92,2016-02-25,Kimberli,Cline
93,2016-02-26,Cindie,Franklin
94,2016-02-27,Thurman,Ellis
95,2016-02-27,Casey,Gill
96,2016-02-27,Keitha,Black
97,2016-02-28,Alpha,King
98,2016-02-28,Leticia,Snyder
99,2016-02-29,Rikki,Morrow
100,2016-03-01,Luke,Kramer
101,2016-03-01,Katheleen,Marks
102,2016-03-02,Trisha,Johnson
103,2016-03-03,Brigida,Larson
104,2016-03-03,Latasha,Hays
105,2016-03-03,Vikki,Erickson
106,2016-03-04,Valery,Saunders
107,2016-03-06,Kiara,Deleon
108,2016-03-06,Robby,Sykes
109,2016-03-06,Ben,Stone
110,2016-03-06,Launa,Hull
111,2016-03-07,Zulema,Browning
112,2016-03-08,Micki,Rutledge
113,2016-03-08,Theresia,Barron
114,2016-03-08,Mark,Benton
115,2016-03-09,Starr,Schneider
116,2016-03-10,Burma,Summers
117,2016-03-10,Gwenn,Melton
118,2016-03-12,Danille,Mcfarland
119,2016-03-12,Bryce,Monroe
120,2016-03-14,Sharie,Alvarez
121,2016-03-14,Tomika,Wilder
122,2016-03-14,Wallace,Lane
123,2016-03-15,Lecia,Hancock
124,2016-03-16,Elouise,Fry
125,2016-03-16,Laverne,Craft
126,2016-03-16,Shenna,Espinoza
127,2016-03-17,Chelsey,Boyd
128,2016-03-18,Lissa,Vargas
129,2016-03-19,Armand,Whitehead
130,2016-03-19,Marcelino,Mcbride
131,2016-03-19,Hortencia,Graham
132,2016-03-20,Monika,Berg
133,2016-03-20,Jerome,Bolton
134,2016-03-20,Tuan,Wolfe
135,2016-03-21,Alexandria,Zamora
136,2016-03-21,Gena,Owens
137,2016-03-23,Jina,Cooper
138,2016-03-23,Katharine,Herrera
139,2016-03-23,Ezra,Silva
140,2016-03-23,Devin,Velazquez
141,2016-03-25,Erlene,Cook
142,2016-03-26,Regine,Gonzales
143,2016-03-26,Merlin,Foreman
144,2016-03-26,Hubert,Reilly
145,2016-03-27,Lavonne,Anderson
146,2016-03-28,Keturah,Massey
147,2016-03-28,Diana,Guerra
148,2016-03-28,Senaida,Thompson
149,2016-03-28,Han,Schneider
150,2016-03-29,Reena,Higgins
151,2016-03-29,Katina,Mcintosh
152,2016-03-29,Parker,Prince
153,2016-03-30,Edda,Young
154,2016-03-31,Dione,Pratt
155,2016-04-02,Loni,Duncan
156,2016-04-03,Sheri,Cole
157,2016-04-03,Mozelle,Carter
158,2016-04-04,Dacia,William
159,2016-04-04,Araceli,Golden
160,2016-04-04,Harris,Pittman
161,2016-04-04,Kasie,Rodriquez
162,2016-04-06,Williemae,Holloway
163,2016-04-06,Magdalena,Sherman
164,2016-04-07,Leonore,Dorsey
165,2016-04-08,Adriene,Rivera
166,2016-04-08,Abbey,Pugh
167,2016-04-08,Rico,Salas
168,2016-04-09,Kandace,Ayers
169,2016-04-10,Carie,Kidd
170,2016-04-10,Aubrey,Durham
171,2016-04-11,Elvera,Peck
172,2016-04-11,Cindi,Ellis
173,2016-04-11,Dacia,William
174,2016-04-12,Destiny,Goodman
175,2016-04-13,Steve,Bender
176,2016-04-15,Melba,Wilkinson
177,2016-04-16,Lucy,Woods
178,2016-04-16,Graig,Roth
179,2016-04-17,Shery,Acosta
180,2016-04-17,Kristel,Bullock
181,2016-04-18,Latosha,Dalton
182,2016-04-18,Phylis,Adkins
183,2016-04-19,Adelle,Larsen
184,2016-04-19,Brianna,Moss
185,2016-04-20,Corene,Wall
186,2016-04-21,Waldo,Hart
187,2016-04-22,Jeniffer,Ratliff
188,2016-04-22,Lorrie,Pollard
189,2016-04-23,Allie,Conley
190,2016-04-23,Violet,Valenzuela
191,2016-04-27,Ruthanne,Hoover
192,2016-04-27,Viva,Dawson
193,2016-04-28,Trena,Rogers
194,2016-04-28,Carroll,Kelly
195,2016-04-28,Kasha,Sullivan
196,2016-04-28,Tammie,Cherry
197,2016-04-30,Erlinda,Nielsen
198,2016-05-01,Allison,Nolan
199,2016-05-01,Marisa,Chambers
200,2016-05-01,Lanelle,Guerra
201,2016-05-01,Brenda,Tate
202,2016-05-03,Joi,Reeves
203,2016-05-03,Henrietta,Wagner
204,2016-05-04,Danilo,Holmes
205,2016-05-04,Myrtie,James
206,2016-05-04,Tania,Swanson
207,2016-05-05,Marget,Hodge
208,2016-05-06,Leanna,Manning
209,2016-05-07,Clarita,Curry
210,2016-05-07,Lynn,Mcmahon
211,2016-05-07,Penney,Hall
212,2016-05-08,Lanora,Robbins
213,2016-05-08,Lilliam,Nolan
214,2016-05-10,Kaci,Gallegos
215,2016-05-10,Kelsey,Noble
216,2016-05-11,Angelina,Lloyd
217,2016-05-11,Sebrina,Hart
218,2016-05-12,Vernetta,Banks
219,2016-05-12,Inez,Snider
220,2016-05-12,Noble,Glover
221,2016-05-13,Donovan,Cantrell
222,2016-05-13,Gertrud,Rhodes
223,2016-05-15,Veronique,Fulton
224,2016-05-17,Carola,Rodriquez
225,2016-05-17,Fransisca,Nicholson
226,2016-05-17,Tony,Hicks
227,2016-05-17,Kirstie,Vazquez
228,2016-05-17,Jamika,Blanchard
229,2016-05-19,Evelina,Manning
230,2016-05-19,Ryan,Carter
231,2016-05-19,Rosamaria,Meyer
232,2016-05-20,Latashia,Travis
233,2016-05-21,Melita,Dominguez
234,2016-05-22,Merrie,Fowler
235,2016-05-24,Eli,Contreras
236,2016-05-25,Stephaine,Riddle
237,2016-05-25,Carman,Hardy
238,2016-05-26,Annett,Rush
239,2016-05-27,Lashawn,Ortiz
240,2016-05-27,Kanesha,Vega
241,2016-05-27,Divina,Madden
242,2016-05-27,Almeta,Benjamin
243,2016-05-27,Barrett,Sanders
244,2016-05-28,Venus,Hewitt
245,2016-05-29,Scarlet,Yates
246,2016-05-30,Caren,Stephens
247,2016-05-30,Joann,Barber
248,2016-05-30,Kimberley,Reynolds
249,2016-06-01,Miquel,Neal
250,2016-06-01,Weldon,Michael
251,2016-06-01,Arlena,Buckner
252,2016-06-01,Lorrie,Becker
253,2016-06-02,Earline,Gordon
254,2016-06-03,Faustino,Delacruz
255,2016-06-03,Ophelia,Rodgers
256,2016-06-04,Theo,Reese
257,2016-06-05,Joeann,Garrison
258,2016-06-06,Cecil,Hopper
259,2016-06-06,Ginette,Edwards
260,2016-06-06,Yvette,Rogers
261,2016-06-08,Pasquale,Hogan
262,2016-06-08,Matilda,Larson
263,2016-06-09,Ai,Forbes
264,2016-06-10,Charolette,Rice
265,2016-06-10,Arnita,Thomas
266,2016-06-10,Lurline,Rivers
267,2016-06-11,Randolph,Chase
268,2016-06-11,Shery,Randolph
269,2016-06-12,Terrell,Mathis
270,2016-06-12,Ethelyn,Ray
271,2016-06-13,Christoper,Mccall
272,2016-06-15,Ezra,Fowler
273,2016-06-16,Tona,Velasquez
274,2016-06-17,Octavia,Case
275,2016-06-17,Rozanne,Reyes
276,2016-06-18,Magali,Dixon
277,2016-06-19,Thad,Castro
278,2016-06-20,Raven,Curtis
279,2016-06-21,Rosalba,O'neal
280,2016-06-21,Tomeka,Higgins
281,2016-06-21,Cris,Dunn
282,2016-06-22,Regina,Burns
283,2016-06-23,Olevia,Pitts
284,2016-06-23,Inger,Jennings
285,2016-06-25,Justin,Newton
286,2016-06-25,Latasha,Stanley
287,2016-06-25,Delbert,Wilkins
288,2016-06-25,Ouida,Gregory
289,2016-06-27,Phyllis,Hill
290,2016-06-28,Marni,Bolton
291,2016-06-29,Alane,Kennedy
292,2016-06-29,Van,Peters
293,2016-06-30,Rubye,Mccall
294,2016-07-01,Lavona,Austin
295,2016-07-01,Benny,Bender
296,2016-07-04,Gabriela,Warren
297,2016-07-04,Justina,Jenkins
298,2016-07-04,Janna,Hayden
299,2016-07-05,Rayna,Perry
300,2016-07-05,Emmaline,Huber
301,2016-07-06,Caren,Stephens
302,2016-07-06,Carlena,Salinas
303,2016-07-07,Bernita,Mcdaniel
304,2016-07-07,Chelsey,Hardin
305,2016-07-07,Camille,Harvey
306,2016-07-09,Charleen,Hurst
307,2016-07-09,Christoper,Gould
308,2016-07-11,Charlyn,Cantrell
309,2016-07-11,Gilma,Dejesus
310,2016-07-12,Deloris,Larson
311,2016-07-12,Shayla,Hart
312,2016-07-13,Jame,Riggs
313,2016-07-14,Dagny,Owen
314,2016-07-15,Janie,Herrera
315,2016-07-16,Rufina,Chandler
316,2016-07-17,Shawnda,Glover
317,2016-07-17,Mariam,Miranda
318,2016-07-17,Mallie,Osborn
319,2016-07-18,Danyell,Dickerson
320,2016-07-19,Carola,Johns
321,2016-07-19,Arcelia,Vinson
322,2016-07-19,Lea,Irwin
323,2016-07-19,Heide,Reed
324,2016-07-20,Garland,Weaver
325,2016-07-20,Ernestina,Skinner
326,2016-07-20,Bernetta,Summers
327,2016-07-21,Tiesha,Daniel
328,2016-07-23,Angele,Schroeder
329,2016-07-24,Josh,Shaw
330,2016-07-24,Gabriel,Pitts
331,2016-07-24,Yang,Roth
332,2016-07-24,Antonetta,Rocha
333,2016-07-25,Major,Merrill
334,2016-07-25,Hollis,Rasmussen
335,2016-07-25,Phebe,Soto
336,2016-07-26,Saran,Moses
337,2016-07-26,Adriene,Rollins
338,2016-07-28,Omega,Huff
339,2016-07-28,Shirely,Cantrell
340,2016-07-29,Anisha,Lang
341,2016-07-31,Karren,Lamb
342,2016-07-31,Reyes,Merritt
343,2016-07-31,Iva,Wilcox
344,2016-08-01,Romaine,Salazar
345,2016-08-01,Shauna,Edwards
346,2016-08-01,Lynne,Anderson
347,2016-08-02,Jerald,Blackwell
348,2016-08-02,Daina,Sampson
349,2016-08-03,Jamaal,Albert
350,2016-08-03,Williemae,Holloway
351,2016-08-03,Cinda,Rocha
352,2016-08-03,Emmitt,Sanchez
353,2016-08-03,Phylicia,Stout
354,2016-08-03,Jenine,Crane
355,2016-08-03,Sebrina,Gross
356,2016-08-04,Sheila,Goodman
357,2016-08-05,Garry,Espinoza
358,2016-08-05,Larissa,Hays
359,2016-08-07,Dorthea,Walker
360,2016-08-07,Clorinda,Donovan
361,2016-08-08,Demarcus,Reese
362,2016-08-09,Hedwig,Paul
363,2016-08-11,Brain,Skinner
364,2016-08-12,Mariette,Trevino
365,2016-08-13,Christel,Cardenas
366,2016-08-13,Arielle,Levine
367,2016-08-14,Afton,Juarez
368,2016-08-14,Amina,Salazar
369,2016-08-15,Garth,Huff
370,2016-08-15,Raymonde,Garcia
371,2016-08-15,Ashlie,Parrish
372,2016-08-16,Boyd,Irwin
373,2016-08-16,Majorie,Wyatt
374,2016-08-17,Dante,Grimes
375,2016-08-17,Christiane,Bradford
376,2016-08-17,Kristel,Byrd
377,2016-08-17,Thad,Gilliam
378,2016-08-17,Alec,Peck
379,2016-08-18,Hassan,Nash
380,2016-08-19,Han,Wade
381,2016-08-19,Vanessa,West
382,2016-08-20,Clelia,Workman
383,2016-08-20,Aleta,Mack
384,2016-08-20,Conception,Slater
385,2016-08-20,Odette,Moses
386,2016-08-20,Christiana,Gross
387,2016-08-20,Jennette,Wooten
388,2016-08-21,Mirella,Duffy
389,2016-08-22,Saturnina,Garner
390,2016-08-22,Shirely,Stanley
391,2016-08-23,Elinore,Aguilar
392,2016-08-23,Carley,Reynolds
393,2016-08-25,Alysha,Powers
394,2016-08-26,Tammera,Fischer
395,2016-08-26,Hans,Price
396,2016-08-27,Timothy,Byers
397,2016-08-28,Son,Warner
398,2016-08-29,Chasidy,Tran
399,2016-08-29,Lee,Roman
400,2016-08-29,Alline,Beasley
401,2016-08-30,Sylvie,Wilkerson
402,2016-08-30,Corina,Lynch
403,2016-08-31,Salena,Day
404,2016-08-31,Laverna,Hernandez
405,2016-08-31,Genevieve,Juarez
406,2016-08-31,Eliz,Lynch
407,2016-09-01,Keri,Bridges
408,2016-09-01,Shemeka,Lyons
409,2016-09-01,Luke,Fuller
410,2016-09-01,Herminia,Reyes
411,2016-09-02,Ferne,Kline
412,2016-09-02,Carmina,Emerson
413,2016-09-02,Kristofer,Craig
414,2016-09-03,Vernia,Madden
415,2016-09-03,Bonita,Marshall
416,2016-09-03,Johana,Jacobson
417,2016-09-04,Angie,Powers
418,2016-09-04,Titus,Bullock
419,2016-09-04,Garry,Espinoza
420,2016-09-05,Petronila,Norris
421,2016-09-05,Le,Deleon
422,2016-09-06,Suellen,Mercado
423,2016-09-06,Dewayne,Herring
424,2016-09-08,Tommie,Melton
425,2016-09-08,Tessie,Farmer
426,2016-09-08,Tonja,Henderson
427,2016-09-09,Douglass,Little
428,2016-09-09,Bee,Baker
429,2016-09-10,Laraine,Robbins
430,2016-09-11,Deja,Chaney
431,2016-09-11,Carlie,Terrell
432,2016-09-12,Karla,Kirk
433,2016-09-12,Jerri,Guthrie
434,2016-09-13,Rochell,Cantrell
435,2016-09-14,Keri,Bridges
436,2016-09-16,Yun,Nelson
437,2016-09-16,Adam,Thornton
438,2016-09-16,Javier,Nichols
439,2016-09-17,Meredith,Bryan
440,2016-09-17,Hilda,Harvey
441,2016-09-18,Morton,Barron
442,2016-09-18,Etsuko,Garrison
443,2016-09-18,Pandora,Estes
444,2016-09-19,Jamaal,Albert
445,2016-09-19,Olevia,Noel
446,2016-09-19,Bart,Hess
447,2016-09-20,Vallie,Dixon
448,2016-09-21,Nichelle,Howell
449,2016-09-21,Justa,Thompson
450,2016-09-21,Laurence,Christian
451,2016-09-21,Charlsie,Carson
452,2016-09-22,Trinidad,Mcclain
453,2016-09-22,Shanna,Bonner
454,2016-09-23,Vanda,Holmes
455,2016-09-23,Hildegarde,Christensen
456,2016-09-23,Alanna,Barry
457,2016-09-24,Kami,Rios
458,2016-09-25,Andy,O'neill
459,2016-09-25,Mila,Good
460,2016-09-25,Ladawn,Downs
461,2016-09-26,Brittney,Rojas
462,2016-09-27,Lezlie,Thompson
463,2016-09-27,Brent,Calderon
464,2016-09-28,Georgeann,Waller
465,2016-09-28,Cheryll,Snyder
466,2016-09-28,Ernest,Rollins
467,2016-09-28,Marry,Benjamin
468,2016-09-29,Adelaida,Hancock
469,2016-09-29,Chere,Mcfadden
470,2016-09-30,Derrick,Marks
471,2016-09-30,Alane,Mccarty
472,2016-09-30,Jeanett,Herman
473,2016-09-30,Elmo,Arnold
474,2016-10-01,Rory,Cooper
475,2016-10-01,Manie,Sanchez
476,2016-10-01,Basilia,Thornton
477,2016-10-02,Josie,Schultz
478,2016-10-02,Jayme,Zamora
479,2016-10-03,Ivette,Warren
480,2016-10-04,Darcel,Harmon
481,2016-10-04,Jayson,Rutledge
482,2016-10-05,Whitney,Cash
483,2016-10-06,Diana,Cobb
484,2016-10-06,Iola,Rasmussen
485,2016-10-06,Birdie,Kramer
486,2016-10-06,Vinnie,Chan
487,2016-10-06,George,Pickett
488,2016-10-06,Evelin,Vargas
489,2016-10-06,Carisa,Carpenter
490,2016-10-07,Onita,Macdonald
491,2016-10-08,Ji,Burt
492,2016-10-09,Graciela,Barber
493,2016-10-09,Rosalie,Coffey
494,2016-10-09,Tanesha,Sawyer
495,2016-10-10,Kecia,Olsen
496,2016-10-10,Ayanna,Rhodes
497,2016-10-10,Kandis,Mills
498,2016-10-10,Divina,Reeves
499,2016-10-11,Rodrick,Shelton
500,2016-10-11,Julee,Woodard
501,2016-10-11,Barton,Cox
502,2016-10-12,Shaunda,Barnett
503,2016-10-13,Yvonne,Bean
504,2016-10-14,Mercedez,Brooks
505,2016-10-14,Erlinda,Osborne
506,2016-10-14,Lory,Berg
507,2016-10-15,Enoch,Rosario
508,2016-10-15,Octavia,Donaldson
509,2016-10-16,Jeromy,Elliott
510,2016-10-17,Ulysses,Gaines
511,2016-10-18,Klara,Mosley
512,2016-10-19,Jacquline,Duncan
513,2016-10-19,Lory,Page
514,2016-10-19,Guillermo,Hart
515,2016-10-19,Marcel,Lindsay
516,2016-10-21,Shila,White
517,2016-10-21,Margene,Eaton
518,2016-10-22,Juliane,Dillard
519,2016-10-22,Fran,Yang
520,2016-10-23,Ronald,Parsons
521,2016-10-23,Augustus,Schmidt
522,2016-10-23,Lois,Steele
523,2016-10-24,Rebbecca,Espinoza
524,2016-10-25,Lucas,Estes
525,2016-10-26,Omega,Johnston
526,2016-10-26,Tonda,Webb
527,2016-10-27,Irving,Pitts
528,2016-10-28,Gayle,Wilkinson
529,2016-10-28,Mandi,Gibbs
530,2016-10-28,Yolando,Wade
531,2016-10-28,Merlene,Vinson
532,2016-10-29,Zelda,Pratt
533,2016-10-29,Ashleigh,Finch
534,2016-10-29,Farrah,Orr
535,2016-10-29,Roseanne,Maynard
536,2016-10-31,Cira,Downs
537,2016-10-31,Agatha,Daniels
538,2016-11-02,Delana,Scott
539,2016-11-02,Jewel,Sparks
540,2016-11-03,Lorrie,Justice
541,2016-11-04,Zulema,Clemons
542,2016-11-04,Melani,Jarvis
543,2016-11-06,Alica,Hunter
544,2016-11-06,Chere,Hardin
545,2016-11-08,Bao,Wade
546,2016-11-09,Loise,Walker
547,2016-11-09,Aleta,Shepard
548,2016-11-11,Bobbi,Banks
549,2016-11-12,Bobbie,Foster
550,2016-11-12,Alissa,Craft
551,2016-11-12,Beatris,Joyner
552,2016-11-12,Alexis,Mack
553,2016-11-12,Liliana,Kerr
554,2016-11-13,Katharina,Bates
555,2016-11-13,Buford,Bridges
556,2016-11-13,Elinore,Aguilar
557,2016-11-14,Bethany,Herring
558,2016-11-15,Lezlie,Lamb
559,2016-11-16,Christel,Barber
560,2016-11-18,Thanh,Figueroa
561,2016-11-19,Marjorie,Logan
562,2016-11-19,Davis,Long
563,2016-11-20,Rodger,Rojas
564,2016-11-20,Aisha,Woods
565,2016-11-21,Nathaniel,Richard
566,2016-11-22,Jennie,Middleton
567,2016-11-22,Tayna,Wade
568,2016-11-23,Lenita,Bonner
569,2016-11-23,Terese,Briggs
570,2016-11-23,Loreen,Byers
571,2016-11-24,Charolette,Rice
572,2016-11-24,Genoveva,Tyler
573,2016-11-24,Johna,Powers
574,2016-11-26,Leone,Emerson
575,2016-11-27,Deloris,Burke
576,2016-11-27,Houston,Vasquez
577,2016-11-27,Earline,Ballard
578,2016-11-27,Yahaira,Robertson
579,2016-11-27,Omer,Estrada
580,2016-11-30,Vonda,Berger
581,2016-12-03,Pearlie,Cochran
582,2016-12-04,Araceli,Golden
583,2016-12-04,Edgar,Horn
584,2016-12-04,Deandrea,Cox
585,2016-12-04,Alden,Atkinson
586,2016-12-04,America,Swanson
587,2016-12-06,Grace,Madden
588,2016-12-06,Marisol,Goodman
589,2016-12-06,Nicki,Fry
590,2016-12-06,Casimira,Chapman
591,2016-12-06,Brenton,Whitaker
592,2016-12-06,Jong,Guthrie
593,2016-12-07,Cleotilde,Booth
594,2016-12-07,Tisha,Petty
595,2016-12-08,Sherie,Ayala
596,2016-12-08,Aileen,Marquez
597,2016-12-08,Shasta,Combs
598,2016-12-09,Ronna,Butler
599,2016-12-09,Debra,Burks
600,2016-12-09,Sharika,Colon
601,2016-12-09,Amparo,Burks
602,2016-12-09,Tina,Bush
603,2016-12-09,Vernon,Knowles
604,2016-12-10,Floretta,Higgins
605,2016-12-10,Leila,Barr
606,2016-12-11,Georgetta,Hardin
607,2016-12-11,Anderson,Martin
608,2016-12-12,Ardelia,Cooley
609,2016-12-12,Stefani,Gamble
610,2016-12-13,Jovita,Bishop
611,2016-12-15,Leeanne,Cross
612,2016-12-16,Taylor,Cole
613,2016-12-17,Charlene,Norris
614,2016-12-18,Eun,Harris
615,2016-12-19,Tricia,Daniels
616,2016-12-20,Ivette,Estes
617,2016-12-21,Le,Wood
618,2016-12-21,Tanesha,Hampton
619,2016-12-22,Terese,Palmer
620,2016-12-22,Collen,Hayes
621,2016-12-23,Anton,Barton
622,2016-12-23,Nevada,Hood
623,2016-12-24,Myron,Johns
624,2016-12-24,Ghislaine,Compton
625,2016-12-25,Carmela,Hays
626,2016-12-25,Wes,Stanton
627,2016-12-25,Tora,Dunlap
628,2016-12-26,Kandace,Hughes
629,2016-12-26,Margaretta,Clayton
630,2016-12-26,Loyce,Conway
631,2016-12-27,Lean,Stark
632,2016-12-27,Margert,Stevens
633,2016-12-28,Shantae,Hammond
634,2016-12-29,Santos,Valencia
635,2016-12-30,Andreas,Herman
636,2017-01-03,Mia,Delgado
637,2017-01-03,Hee,Greer
638,2017-01-04,Verda,Gilbert
639,2017-01-06,Felicidad,Golden
640,2017-01-06,Alejandrina,Hodges
641,2017-01-07,Adam,Henderson
642,2017-01-07,Lizette,Ellison
643,2017-01-08,Lonna,Franks
644,2017-01-08,Sunshine,Rosario
645,2017-01-08,Consuela,Collier
646,2017-01-09,Annis,Sanchez
647,2017-01-09,Jaimee,Day
648,2017-01-09,Jenny,Bell
649,2017-01-10,Ara,Vazquez
650,2017-01-11,Hue,Dalton
651,2017-01-11,Toya,Pratt
652,2017-01-12,Milagros,Weber
653,2017-01-14,Barbra,Dickerson
654,2017-01-14,Gilberto,Sanders
655,2017-01-16,Kanesha,Hudson
656,2017-01-16,Venessa,Frost
657,2017-01-17,Mable,Pratt
658,2017-01-17,Tonisha,Fowler
659,2017-01-17,Sheryl,Chase
660,2017-01-18,Ashlee,Pena
661,2017-01-18,Leigh,Burke
662,2017-01-19,Caleb,England
663,2017-01-20,Herta,Rollins
664,2017-01-20,Reatha,Perez
665,2017-01-21,Syreeta,Hendricks
666,2017-01-21,Lavonda,Stephenson
667,2017-01-22,Klara,Kim
668,2017-01-22,Christia,Carson
669,2017-01-23,Carolyne,Conley
670,2017-01-24,Virgina,Berg
671,2017-01-25,Elvia,Cardenas
672,2017-01-26,Delmar,Wise
673,2017-01-26,Bobbie,Foster
674,2017-01-27,Doreatha,Ford
675,2017-01-28,Boyce,Burks
676,2017-01-28,Petronila,Gallegos
677,2017-01-28,Elnora,Simpson
678,2017-01-28,Ivonne,Yang
679,2017-01-29,Zina,Bonner
680,2017-01-29,Delila,Hamilton
681,2017-01-29,Lidia,Ashley
682,2017-01-29,Toshia,Cardenas
683,2017-01-29,Laci,Castro
684,2017-01-31,Quyen,Houston
685,2017-01-31,Ayanna,Cherry
686,2017-02-01,Alesia,Horne
687,2017-02-02,Selene,Austin
688,2017-02-02,Jesica,Fields
689,2017-02-02,Willian,Hardin
690,2017-02-03,Collen,Dennis
691,2017-02-04,Carson,Macias
692,2017-02-05,Kasha,Todd
693,2017-02-05,Lise,Hebert
694,2017-02-05,Damien,Dorsey
695,2017-02-05,Sarah,Kirkland
696,2017-02-05,Chauncey,Donaldson
697,2017-02-06,Alejandro,Norman
698,2017-02-06,Jasmin,Young
699,2017-02-06,Ciera,Koch
700,2017-02-07,Daryl,Spence
701,2017-02-07,Stephanie,Browning
702,2017-02-08,Dorothea,Miranda
703,2017-02-08,Zoraida,Patton
704,2017-02-08,Dottie,Roberts
705,2017-02-08,Ileana,Holt
706,2017-02-09,Roy,Chan
707,2017-02-09,Ashanti,Parks
708,2017-02-10,Shara,Pope
709,2017-02-11,Carmelina,Sellers
710,2017-02-13,Danny,Kim
711,2017-02-13,Dale,Rasmussen
712,2017-02-13,Marquerite,Dawson
713,2017-02-13,Michel,Blankenship
714,2017-02-14,Phillis,Fowler
715,2017-02-15,Robby,Sykes
716,2017-02-15,Elma,Molina
717,2017-02-15,Tereasa,Bird
718,2017-02-16,Zelma,Browning
719,2017-02-16,Ashely,Holmes
720,2017-02-16,Collin,Webster
721,2017-02-16,Donnetta,Henson
722,2017-02-18,Angelika,Perry
723,2017-02-19,Kathyrn,Bush
724,2017-02-19,Lore,Sykes
725,2017-02-19,Dwain,Carlson
726,2017-02-19,Jennell,Solis
727,2017-02-19,Maple,Griffin
728,2017-02-20,Hubert,Stone
729,2017-02-20,Bettyann,Acosta
730,2017-02-21,Moira,Lester
731,2017-02-25,Elenore,William
732,2017-02-26,Bernetta,Marquez
733,2017-02-26,Pamala,Fowler
734,2017-02-26,Maximina,Hutchinson
735,2017-02-27,Aleta,Shepard
736,2017-02-27,Klara,Stanley
737,2017-02-27,Lanie,Dunn
738,2017-02-28,Jeni,Booker
739,2017-02-28,Caroll,Hays
740,2017-02-28,Kendra,Harrington
741,2017-02-28,Thalia,Dillard
742,2017-02-28,Holly,Nieves
743,2017-03-01,Shonta,Mercer
744,2017-03-01,Lena,Mills
745,2017-03-01,Charleen,Joyner
746,2017-03-02,Vernita,Ball
747,2017-03-03,Yan,Mcgowan
748,2017-03-03,Maryalice,Henry
749,2017-03-04,Flossie,Holder
750,2017-03-04,Freddie,Mathis
751,2017-03-05,Hilary,Savage
752,2017-03-05,Scarlet,Reed
753,2017-03-05,Nita,Guy
754,2017-03-06,Ann,Heath
755,2017-03-06,Kimberely,Bowen
756,2017-03-06,Sommer,Hopkins
757,2017-03-06,Joe,Melton
758,2017-03-06,Kattie,Stevenson
759,2017-03-07,Susann,Bass
760,2017-03-07,Khalilah,Robertson
761,2017-03-07,Shiloh,Bates
762,2017-03-08,Wm,Pope
763,2017-03-08,Giselle,Robles
764,2017-03-09,Alysia,Nicholson
765,2017-03-09,Tuyet,Rosa
766,2017-03-09,Ramiro,Byers
767,2017-03-09,Bettie,Pierce
768,2017-03-09,Manie,Maxwell
769,2017-03-09,Angella,Bridges
770,2017-03-09,Dorthey,Jackson
771,2017-03-11,Jennette,Baker
772,2017-03-11,Janella,Bright
773,2017-03-11,Kenton,Hughes
774,2017-03-12,Yevette,Elliott
775,2017-03-12,Jonna,Brown
776,2017-03-13,Yu,Mcdonald
777,2017-03-13,Shu,Mays
778,2017-03-15,Lolita,Mosley
779,2017-03-15,Blanca,Hooper
780,2017-03-15,Joni,Lee
781,2017-03-15,Carita,Salinas
782,2017-03-15,Trudy,Riddle
783,2017-03-16,Jama,Rodriquez
784,2017-03-16,Kandi,Mcneil
785,2017-03-18,Donette,Mccarthy
786,2017-03-18,Magda,Eaton
787,2017-03-18,Collene,Knox
788,2017-03-18,Nestor,Haynes
789,2017-03-19,Latricia,Lindsey
790,2017-03-19,Nichelle,Rosario
791,2017-03-20,Julius,Holt
792,2017-03-22,Gertha,Mejia
793,2017-03-23,Florencio,Davenport
794,2017-03-23,Shonta,Preston
795,2017-03-23,Chere,Alston
796,2017-03-23,Jenise,Preston
797,2017-03-24,Candelaria,Coffey
798,2017-03-26,Ana,Palmer
799,2017-03-27,Paul,Lester
800,2017-03-27,Conchita,Boone
801,2017-03-28,Chi,Goff
802,2017-03-28,Yanira,Bradshaw
803,2017-03-28,Armando,Black
804,2017-03-29,Letitia,Franco
805,2017-03-29,Vince,Schneider
806,2017-03-30,Winfred,Harris
807,2017-03-30,Lenore,Valdez
808,2017-03-31,Justina,Jenkins
809,2017-03-31,Geraldine,O'donnell
810,2017-04-01,Laraine,Robbins
811,2017-04-01,Larraine,Horn
812,2017-04-01,Patrina,Tanner
813,2017-04-01,Georgeann,Rojas
814,2017-04-02,Evelina,Byrd
815,2017-04-03,Nanette,Roman
816,2017-04-03,Shanti,Johnston
817,2017-04-04,Annett,Garrett
818,2017-04-04,Claris,Santiago
819,2017-04-04,Clementine,Mooney
820,2017-04-05,Carola,Mcpherson
821,2017-04-05,Agustina,Lawrence
822,2017-04-06,Clementina,Sargent
823,2017-04-06,Gwendolyn,Miller
824,2017-04-07,Giovanna,Jefferson
825,2017-04-07,Pamelia,Newman
826,2017-04-07,Bennett,Armstrong
827,2017-04-07,Brittni,Green
828,2017-04-09,Dionne,Norris
829,2017-04-09,Ira,Moore
830,2017-04-11,Luciano,Marsh
831,2017-04-11,Shiloh,Reeves
832,2017-04-11,Karl,Stephens
833,2017-04-12,Kerrie,O'neill
834,2017-04-12,Rosanne,George
835,2017-04-13,Marina,Hinton
836,2017-04-13,Sherita,Cherry
837,2017-04-13,Siobhan,Lang
838,2017-04-14,Eliseo,Knight
839,2017-04-15,Novella,Ross
840,2017-04-15,Collene,Roman
841,2017-04-15,Hipolito,Padilla
842,2017-04-15,Dung,King
843,2017-04-16,Season,Harvey
844,2017-04-16,Macie,Ayers
845,2017-04-17,Loraine,Sykes
846,2017-04-17,Larae,Carney
847,2017-04-18,Marilyn,Frank
848,2017-04-18,Rudolf,Moran
849,2017-04-19,Angelique,Merrill
850,2017-04-19,Sanora,Webster
851,2017-04-20,Gabriella,Jones
852,2017-04-21,Lashawn,Ortiz
853,2017-04-21,Gilberte,Duke
854,2017-04-22,Carissa,Foreman
855,2017-04-22,Kermit,Hyde
856,2017-04-23,Arminda,Weber
857,2017-04-24,Sandee,Alvarado
858,2017-04-25,Kam,Wilder
859,2017-04-25,Valentin,Mclaughlin
860,2017-04-27,Lashawna,Richardson
861,2017-04-27,Charlesetta,Soto
862,2017-04-27,Jesus,Burch
863,2017-04-28,Nathanael,Bradley
864,2017-04-28,Elease,Dejesus
865,2017-04-29,Marcell,Barrett
866,2017-04-29,Lurlene,Finch
867,2017-05-01,Louanne,Martin
868,2017-05-01,Domingo,Casey
869,2017-05-01,Felica,Munoz
870,2017-05-01,Miranda,Kennedy
871,2017-05-02,Kandace,Giles
872,2017-05-03,Virgen,Clemons
873,2017-05-03,Marcy,Rodriguez
874,2017-05-04,Trena,Hudson
875,2017-05-05,Nelle,Beck
876,2017-05-05,Dane,Mcdaniel
877,2017-05-06,Debbra,Jacobson
878,2017-05-07,Moses,Pope
879,2017-05-08,Ross,Pugh
880,2017-05-08,Mercy,Brown
881,2017-05-08,Coleman,Boyd
882,2017-05-09,Edythe,Valencia
883,2017-05-11,Sheree,Pena
884,2017-05-11,Erlinda,Humphrey
885,2017-05-13,Lorrie,Becker
886,2017-05-13,Delma,Bailey
887,2017-05-13,Chantell,Bridges
888,2017-05-14,Garry,Juarez
889,2017-05-14,Edmund,Gaines
890,2017-05-15,Miriam,Baker
891,2017-05-15,Aimee,Merritt
892,2017-05-15,Laure,Pena
893,2017-05-16,Sally,Kinney
894,2017-05-16,Obdulia,Barber
895,2017-05-18,Inga,Koch
896,2017-05-19,Elanor,Patrick
897,2017-05-20,Bridgette,Guerra
898,2017-05-20,Josef,Greer
899,2017-05-20,Renita,Henry
900,2017-05-20,Samual,Warner
901,2017-05-21,Mi,Gray
902,2017-05-21,Loan,Graham
903,2017-05-22,Deane,Sears
904,2017-05-23,Lorraine,Marks
905,2017-05-23,Eliana,Reese
906,2017-05-23,Janine,Manning
907,2017-05-24,Luz,House
908,2017-05-25,Kerrie,Morton
909,2017-05-26,Sharla,Flynn
910,2017-05-26,Cassondra,Pruitt
911,2017-05-26,Graig,Cannon
912,2017-05-27,Rudolf,Gilliam
913,2017-05-27,Zella,Fernandez
914,2017-05-28,Doris,Kaufman
915,2017-05-28,Judith,Finley
916,2017-05-28,Luciana,Mcgee
917,2017-05-29,Chloe,Patel
918,2017-05-30,Rutha,Howell
919,2017-05-30,Tajuana,Riddle
920,2017-05-30,Novella,Patel
921,2017-05-31,Ehtel,Cobb
922,2017-05-31,Romana,Barnes
923,2017-05-31,Agatha,Melton
924,2017-06-02,Jayne,Kirkland
925,2017-06-02,Conrad,Mueller
926,2017-06-03,Mariana,Strong
927,2017-06-03,Lee,Dunn
928,2017-06-05,Stephen,Vega
929,2017-06-05,Myron,Ruiz
930,2017-06-05,Abram,Copeland
931,2017-06-07,Tressa,Weiss
932,2017-06-07,Douglas,Richards
933,2017-06-07,Alita,Salinas
934,2017-06-09,Corrina,Sawyer
935,2017-06-10,Mozelle,Carter
936,2017-06-10,Mellisa,Farley
937,2017-06-11,Melanie,Hayes
938,2017-06-11,Walton,Dejesus
939,2017-06-11,Hugh,Craft
940,2017-06-12,Chasidy,Webster
941,2017-06-12,Genny,Hensley
942,2017-06-13,Carter,Bentley
943,2017-06-13,Daphine,Willis
944,2017-06-14,Jone,Bernard
945,2017-06-14,Loreta,Johnston
946,2017-06-14,Andreas,Mayer
947,2017-06-15,Myesha,Burgess
948,2017-06-15,Skye,Pope
949,2017-06-16,Rosalva,Hamilton
950,2017-06-16,Nicholas,Vazquez
951,2017-06-16,Tamela,Harrell
952,2017-06-16,Arvilla,Weiss
953,2017-06-16,Nicki,Larson
954,2017-06-17,Ashleigh,Frank
955,2017-06-17,Phebe,Turner
956,2017-06-17,Annabelle,Hebert
957,2017-06-17,Camila,Carroll
958,2017-06-18,Shona,Mcmillan
959,2017-06-18,Rita,Bailey
960,2017-06-18,Genoveva,Lloyd
961,2017-06-19,Lizzie,Joyner
962,2017-06-19,Marissa,Summers
963,2017-06-19,Zona,Cameron
964,2017-06-20,Augustus,Steele
965,2017-06-20,Jeni,Farley
966,2017-06-20,Leif,Short
967,2017-06-21,Ebony,Cotton
968,2017-06-21,Mila,Moody
969,2017-06-21,Cecelia,Gill
970,2017-06-22,Corinna,Adams
971,2017-06-22,Londa,Gould
972,2017-06-23,Claudio,Wise
973,2017-06-24,Cindi,Larson
974,2017-06-24,Julienne,Moody
975,2017-06-25,Lavinia,Cotton
976,2017-06-25,Myrl,Gay
977,2017-06-26,Alfredo,Dodson
978,2017-06-26,Raphael,O'neil
979,2017-06-26,Romeo,Steele
980,2017-06-26,Bettie,Glover
981,2017-06-26,Cecilia,Camacho
982,2017-06-26,Dollie,Cervantes
983,2017-06-27,Vito,Pickett
984,2017-06-27,Victor,Pittman
985,2017-06-30,Effie,Jenkins
986,2017-06-30,Vernell,Goff
987,2017-07-02,Jeanie,Kirkland
988,2017-07-02,Honey,Camacho
989,2017-07-02,Deandrea,Vega
990,2017-07-04,Lolita,O'neill
991,2017-07-06,Hermila,Mckay
992,2017-07-07,Vicki,Wiggins
993,2017-07-09,Harold,O'connor
994,2017-07-09,Krystin,Marshall
995,2017-07-11,Basil,Ballard
996,2017-07-11,Beryl,Bennett
997,2017-07-11,Catherine,Miles
998,2017-07-12,Darcie,Morgan
999,2017-07-12,Cyndi,Dyer
1000,2017-07-12,Lewis,Garner
1001,2017-07-13,Tonda,Armstrong
1002,2017-07-14,Penni,Best
1003,2017-07-14,Marlo,Jefferson
1004,2017-07-14,Ulrike,Chan
1005,2017-07-15,Myung,Hooper
1006,2017-07-15,Olimpia,Mays
1007,2017-07-16,Lina,Meadows
1008,2017-07-16,Arie,Hunter
1009,2017-07-16,Patsy,Russo
1010,2017-07-18,Jacquline,Duncan
1011,2017-07-18,Travis,Goodman
1012,2017-07-18,Eric,Hardin
1013,2017-07-19,Babara,Ochoa
1014,2017-07-19,Oliva,Blackwell
1015,2017-07-19,India,Barron
1016,2017-07-19,Jasper,Castro
1017,2017-07-20,Nettie,Mcdaniel
1018,2017-07-22,Barry,Buckner
1019,2017-07-22,Edra,Fitzgerald
1020,2017-07-23,Emmitt,Sanchez
1021,2017-07-23,Herlinda,Stone
1022,2017-07-23,Tisa,Whitney
1023,2017-07-23,Vashti,Rosario
1024,2017-07-23,Kellye,Campbell
1025,2017-07-23,Tama,Berg
1026,2017-07-26,Rona,Rojas
1027,2017-07-26,Cherelle,Key
1028,2017-07-27,Cheree,Hale
1029,2017-07-29,Dannette,Guerrero
1030,2017-07-29,Crystle,Gilliam
1031,2017-07-30,Shea,Howell
1032,2017-07-30,Emmett,Casey
1033,2017-07-30,Soledad,Moses
1034,2017-07-30,Elaina,Key
1035,2017-07-30,Mica,Barry
1036,2017-07-30,Cassie,Cline
1037,2017-07-31,Carina,Lynch
1038,2017-07-31,Marlen,Dawson
1039,2017-08-02,Heather,Perry
1040,2017-08-04,Mellisa,Griffin
1041,2017-08-04,Tomasa,Carson
1042,2017-08-06,Jamika,Acevedo
1043,2017-08-06,Georgina,Gonzales
1044,2017-08-07,Ciera,Webb
1045,2017-08-07,Morton,Lee
1046,2017-08-07,Sherril,Alvarado
1047,2017-08-08,Merlene,Vinson
1048,2017-08-08,Ilda,Roberson
1049,2017-08-09,Dorine,Roberson
1050,2017-08-09,Felice,Guzman
1051,2017-08-10,Jutta,Everett
1052,2017-08-10,Romelia,Myers
1053,2017-08-10,Florrie,Little
1054,2017-08-11,Damian,Dawson
1055,2017-08-12,Cleopatra,Tate
1056,2017-08-12,Berna,Moore
1057,2017-08-12,Serina,Hensley
1058,2017-08-13,Ricki,Bullock
1059,2017-08-14,Lyndsey,Bean
1060,2017-08-15,Jenniffer,Bullock
1061,2017-08-15,Marylyn,Browning
1062,2017-08-15,Shawnna,Frank
1063,2017-08-16,Luis,Tyler
1064,2017-08-16,Crysta,Velez
1065,2017-08-17,Regenia,Vaughan
1066,2017-08-17,Raul,Melendez
1067,2017-08-17,Barbera,Riggs
1068,2017-08-17,Courtney,Wyatt
1069,2017-08-17,Lise,Alvarado
1070,2017-08-17,Emelda,Dickerson
1071,2017-08-17,Delaine,Estes
1072,2017-08-18,Bridgette,Guerra
1073,2017-08-18,Nikita,Roy
1074,2017-08-19,Deshawn,Mendoza
1075,2017-08-19,Sharell,Ross
1076,2017-08-19,Tangela,Quinn
1077,2017-08-19,Dexter,Roberts
1078,2017-08-19,Chantay,Maynard
1079,2017-08-19,Martha,Burgess
1080,2017-08-19,Cori,Schwartz
1081,2017-08-19,Jerri,Henry
1082,2017-08-20,Consuela,Romero
1083,2017-08-20,Renna,Williams
1084,2017-08-21,Kasha,Todd
1085,2017-08-21,Hope,Cotton
1086,2017-08-21,Lucio,Sherman
1087,2017-08-22,Kermit,Bowman
1088,2017-08-22,Efren,Whitfield
1089,2017-08-23,Monika,Berg
1090,2017-08-24,Mikel,Wilkerson
1091,2017-08-24,Phuong,Wolf
1092,2017-08-25,Ronna,Butler
1093,2017-08-25,Shiela,Calderon
1094,2017-08-25,Renato,Morton
1095,2017-08-26,Wynona,Douglas
1096,2017-08-27,Jeffry,Church
1097,2017-08-27,Whitley,Cannon
1098,2017-08-28,Lloyd,Miranda
1099,2017-08-28,Bea,Kane
1100,2017-08-28,Trista,Lambert
1101,2017-08-29,Mina,Carrillo
1102,2017-08-29,Glady,Wells
1103,2017-08-31,Genny,Fields
1104,2017-09-01,Trinity,Riddle
1105,2017-09-01,Margret,Barnett
1106,2017-09-02,Deangelo,Cooley
1107,2017-09-02,Lashunda,Cole
1108,2017-09-03,Aide,Franco
1109,2017-09-03,Kaylee,English
1110,2017-09-04,Inocencia,Key
1111,2017-09-04,Delana,Wagner
1112,2017-09-05,Alyse,Jacobson
1113,2017-09-06,Aleta,Stone
1114,2017-09-06,Randee,Lester
1115,2017-09-07,Penny,Acevedo
1116,2017-09-08,Tu,Ramirez
1117,2017-09-08,Somer,Jordan
1118,2017-09-08,Adena,Blake
1119,2017-09-10,Oralia,Farley
1120,2017-09-10,Gustavo,Gamble
1121,2017-09-11,Janae,Doyle
1122,2017-09-12,Parthenia,Holman
1123,2017-09-13,Benito,Hendrix
1124,2017-09-13,Pinkie,Kirkland
1125,2017-09-14,Krissy,Ochoa
1126,2017-09-14,Yang,Giles
1127,2017-09-15,Pearl,Fox
1128,2017-09-15,Sherilyn,Wilcox
1129,2017-09-17,Alissa,Hood
1130,2017-09-18,Katelin,Kennedy
1131,2017-09-18,Wendie,Nash
1132,2017-09-19,Margorie,Wynn
1133,2017-09-19,Buford,Gilbert
1134,2017-09-19,Diana,Reyes
1135,2017-09-19,Kate,Barber
1136,2017-09-20,Rozella,Fitzgerald
1137,2017-09-20,Ivelisse,Nixon
1138,2017-09-21,Cristobal,Hutchinson
1139,2017-09-21,Marjory,Leonard
1140,2017-09-21,Tammy,Austin
1141,2017-09-22,Sherise,Mercer
1142,2017-09-23,Hilde,Nieves
1143,2017-09-24,Willow,Gardner
1144,2017-09-24,Sonja,Walls
1145,2017-09-25,Jenna,Saunders
1146,2017-09-25,Lamar,Greer
1147,2017-09-25,Eloisa,Tucker
1148,2017-09-25,Dorine,Thornton
1149,2017-09-27,Malisa,Mitchell
1150,2017-09-28,Kim,Clark
1151,2017-09-29,Majorie,Glover
1152,2017-09-29,Trang,Hardin
1153,2017-09-30,Devin,Shaffer
1154,2017-09-30,Tad,Gardner
1155,2017-09-30,Julia,Joyner
1156,2017-09-30,Rodrigo,Durham
1157,2017-10-01,Corene,Wall
1158,2017-10-01,Lucilla,Williams
1159,2017-10-01,Joy,Underwood
1160,2017-10-01,Brianne,Hays
1161,2017-10-01,Kathie,Freeman
1162,2017-10-01,Coleen,Navarro
1163,2017-10-01,Ocie,Slater
1164,2017-10-01,Lillia,Gillespie
1165,2017-10-02,Tilda,Melton
1166,2017-10-03,Virgil,Frost
1167,2017-10-04,Jule,Davenport
1168,2017-10-04,Tonja,Bean
1169,2017-10-04,Edris,Barrett
1170,2017-10-05,Alejandro,Haney
1171,2017-10-05,Shay,Stephenson
1172,2017-10-07,Neida,King
1173,2017-10-08,Dori,Alvarez
1174,2017-10-08,Gussie,Harding
1175,2017-10-09,Monty,Frost
1176,2017-10-10,Caroline,Jenkins
1177,2017-10-12,Tobie,Little
1178,2017-10-12,Agnes,Sims
1179,2017-10-12,Keturah,Reid
1180,2017-10-13,Desiree,Branch
1181,2017-10-13,Hye,Mercer
1182,2017-10-13,Tempie,Jacobson
1183,2017-10-14,Wai,Soto
1184,2017-10-14,Mary,Singleton
1185,2017-10-14,Arline,Lawson
1186,2017-10-14,Karole,Alvarez
1187,2017-10-15,Valeri,Marshall
1188,2017-10-15,Janelle,Maldonado
1189,2017-10-15,Ira,Erickson
1190,2017-10-16,Brittney,Woodward
1191,2017-10-17,Ken,Charles
1192,2017-10-17,Douglass,Blankenship
1193,2017-10-17,Adrien,Hunter
1194,2017-10-19,Bong,Hebert
1195,2017-10-19,Molly,Langley
1196,2017-10-19,Vance,Taylor
1197,2017-10-21,Barton,Crosby
1198,2017-10-22,Shanelle,Anderson
1199,2017-10-23,Eliz,Whitney
1200,2017-10-23,Cesar,Jackson
1201,2017-10-23,Candis,Harding
1202,2017-10-24,Antony,Atkinson
1203,2017-10-25,Tam,Fisher
1204,2017-10-25,Piedad,Irwin
1205,2017-10-26,Risa,Gallagher
1206,2017-10-26,Anya,Contreras
1207,2017-10-26,Cami,Williamson
1208,2017-10-26,Qiana,Jackson
1209,2017-10-26,Lekisha,Pope
1210,2017-10-26,Andria,Rivers
1211,2017-10-27,Lizzette,Stein
1212,2017-10-27,Elenore,Hensley
1213,2017-10-27,Willis,Randolph
1214,2017-10-28,Celestine,Kent
1215,2017-10-28,Nathalie,Knowles
1216,2017-10-28,Letisha,May
1217,2017-10-28,Verdell,Joyner
1218,2017-10-30,Philip,Bryan
1219,2017-10-30,Gilbert,Calhoun
1220,2017-10-31,Bernardina,Cooper
1221,2017-10-31,Minnie,Compton
1222,2017-11-01,Narcisa,Knapp
1223,2017-11-02,Jenell,Crosby
1224,2017-11-03,Catarina,Mendez
1225,2017-11-04,Yvone,Yates
1226,2017-11-04,Kiana,Rivera
1227,2017-11-04,Sharie,Whitaker
1228,2017-11-04,Bettye,Espinoza
1229,2017-11-05,Arvilla,Osborn
1230,2017-11-05,Lynda,Newman
1231,2017-11-05,Myrtle,Gardner
1232,2017-11-06,Stacie,Sims
1233,2017-11-06,Efren,Oliver
1234,2017-11-07,Lizzette,Stein
1235,2017-11-07,Priscilla,Wilkins
1236,2017-11-08,Natosha,Rowland
1237,2017-11-09,Kaley,Blanchard
1238,2017-11-09,Heather,Chaney
1239,2017-11-09,Nakisha,Clay
1240,2017-11-10,Maira,Long
1241,2017-11-10,Mechelle,Chan
1242,2017-11-11,Rolanda,Larsen
1243,2017-11-11,Jacalyn,Barnett
1244,2017-11-12,Ami,Mcmahon
1245,2017-11-13,Junita,Reese
1246,2017-11-13,Sharyn,Brewer
1247,2017-11-16,Daisy,Ward
1248,2017-11-16,Lucile,Manning
1249,2017-11-17,Tajuana,Rollins
1250,2017-11-17,Marcene,Curtis
1251,2017-11-17,Charmain,Webster
1252,2017-11-18,Ollie,Zimmerman
1253,2017-11-18,Onita,Johns
1254,2017-11-18,Treasa,Dickerson
1255,2017-11-19,Yan,Trevino
1256,2017-11-19,Everett,Vega
1257,2017-11-19,Kallie,Best
1258,2017-11-20,Jewell,Reyes
1259,2017-11-21,Daryl,Spence
1260,2017-11-22,Jeffrey,Hill
1261,2017-11-23,Izola,Hobbs
1262,2017-11-23,Terra,Pickett
1263,2017-11-23,Eleanor,Mendez
1264,2017-11-24,Eliana,Silva
1265,2017-11-24,Verna,Solis
1266,2017-11-25,Kaila,Walters
1267,2017-11-25,Clare,Neal
1268,2017-11-26,Nenita,Mooney
1269,2017-11-26,Rudolph,Velez
1270,2017-11-26,Nanette,Harris
1271,2017-11-27,Alina,Mcleod
1272,2017-11-27,Genevie,Miles
1273,2017-11-27,Sung,Chambers
1274,2017-11-28,Grisel,Maynard
1275,2017-11-29,Jeromy,Burch
1276,2017-11-30,Letty,Cobb
1277,2017-12-01,Danielle,Bond
1278,2017-12-01,Carter,Booth
1279,2017-12-01,Ling,Newman
1280,2017-12-01,Robena,Hill
1281,2017-12-02,Tommie,Cooley
1282,2017-12-03,Aron,Wiggins
1283,2017-12-04,Teofila,Fischer
1284,2017-12-04,Terrance,Lynn
1285,2017-12-04,Rubin,Decker
1286,2017-12-04,Jeannette,Skinner
1287,2017-12-07,Justina,Long
1288,2017-12-07,Corrinne,Garrison
1289,2017-12-08,Lakenya,Oliver
1290,2017-12-08,Laurette,Hebert
1291,2017-12-09,Shanice,Spears
1292,2017-12-10,Leola,Gould
1293,2017-12-10,Willetta,Murphy
1294,2017-12-11,Angele,Castro
1295,2017-12-11,Melia,Brady
1296,2017-12-14,Jenee,Rasmussen
1297,2017-12-14,Shae,Hickman
1298,2017-12-14,Garret,Clay
1299,2017-12-15,Elvina,Gates
1300,2017-12-15,Veronika,Rollins
1301,2017-12-16,Jane,Henderson
1302,2017-12-16,Merideth,Preston
1303,2017-12-16,Melodie,Melton
1304,2017-12-16,Lamar,Bush
1305,2017-12-17,Earl,Stanley
1306,2017-12-20,Jeanice,Frost
1307,2017-12-22,Elmo,Sweeney
1308,2017-12-22,Ilona,Spears
1309,2017-12-22,Cassidy,Clark
1310,2017-12-24,Caridad,Compton
1311,2017-12-24,Nicolas,Carlson
1312,2017-12-25,Charise,Burt
1313,2017-12-25,Edith,Davenport
1314,2017-12-25,Shanita,Wiley
1315,2017-12-25,Porter,Bass
1316,2017-12-26,Sylvester,Chan
1317,2017-12-27,Georgeanna,Webster
1318,2017-12-27,Abby,Gamble
1319,2017-12-27,Kylee,Dickson
1320,2017-12-28,Jessika,Bray
1321,2017-12-30,Carline,Collier
1322,2017-12-31,Janetta,Aguirre
1323,2017-12-31,Queenie,Vance
1324,2018-01-01,Mellie,Puckett
1325,2018-01-01,Jayne,Kirkland
1326,2018-01-01,Sheila,Travis
1327,2018-01-02,Jenine,Dawson
1328,2018-01-02,Cher,Alston
1329,2018-01-04,Ayana,Keith
1330,2018-01-04,Rod,Hatfield
1331,2018-01-05,Cicely,Deleon
1332,2018-01-06,Erma,Salinas
1333,2018-01-06,Minerva,Decker
1334,2018-01-07,Augustina,Joyner
1335,2018-01-07,Delfina,Gilliam
1336,2018-01-09,Jana,Thomas
1337,2018-01-09,Ruth,Horton
1338,2018-01-10,Hae,Ramirez
1339,2018-01-11,Mellisa,Kim
1340,2018-01-12,Raeann,Duncan
1341,2018-01-12,Todd,Waters
1342,2018-01-12,Vivian,Deleon
1343,2018-01-13,Deanne,Parsons
1344,2018-01-13,Alishia,Elliott
1345,2018-01-14,Ashanti,Hammond
1346,2018-01-14,Sarita,Parks
1347,2018-01-15,Muriel,Juarez
1348,2018-01-15,Brigid,Sharp
1349,2018-01-15,Bess,Mcbride
1350,2018-01-15,Kara,Higgins
1351,2018-01-16,Shenna,Benton
1352,2018-01-16,Nicola,Knight
1353,2018-01-17,Malinda,Baxter
1354,2018-01-19,Christopher,Richardson
1355,2018-01-19,Katia,Henry
1356,2018-01-19,Santa,Larson
1357,2018-01-20,Yevette,Todd
1358,2018-01-21,Maurice,Norton
1359,2018-01-21,Berneice,Pollard
1360,2018-01-22,Takako,Casey
1361,2018-01-22,Regine,Odom
1362,2018-01-23,Gilberto,Parsons
1363,2018-01-24,Loni,Mullen
1364,2018-01-25,Shena,Carter
1365,2018-01-25,Deirdre,Ryan
1366,2018-01-26,Jamaal,Morrison
1367,2018-01-27,Ja,Dillard
1368,2018-01-27,Spring,Hayes
1369,2018-01-28,Tena,Cruz
1370,2018-01-28,Rey,Lindsay
1371,2018-01-29,Aida,Koch
1372,2018-01-29,Alma,Peck
1373,2018-01-29,Latonya,Dixon
1374,2018-01-30,Karren,Stevenson
1375,2018-01-30,Cameron,Carroll
1376,2018-02-01,Kiesha,Bond
1377,2018-02-01,Jimmy,Russell
1378,2018-02-02,Marguerite,Berger
1379,2018-02-02,Nubia,Anderson
1380,2018-02-05,Joel,Wynn
1381,2018-02-05,Mathilda,Pennington
1382,2018-02-06,Renay,Atkins
1383,2018-02-07,Joaquin,Hawkins
1384,2018-02-08,Elmira,Levy
1385,2018-02-08,Lynwood,Jackson
1386,2018-02-09,Dung,Reid
1387,2018-02-09,Deshawn,Mendoza
1388,2018-02-09,Jeniffer,Slater
1389,2018-02-11,Celestine,Jacobs
1390,2018-02-12,Tenisha,Lyons
1391,2018-02-13,Hortencia,O'neil
1392,2018-02-13,Kenyetta,Mason
1393,2018-02-14,Tena,Huber
1394,2018-02-14,Erik,Leblanc
1395,2018-02-15,Zora,Ford
1396,2018-02-15,Lara,Guy
1397,2018-02-15,James,Robles
1398,2018-02-16,Desire,Mcgowan
1399,2018-02-16,Stefany,Potter
1400,2018-02-17,Louis,Powell
1401,2018-02-18,Linnie,Branch
1402,2018-02-19,Earlean,Pena
1403,2018-02-21,Cassandra,Nichols
1404,2018-02-23,Bella,Perez
1405,2018-02-25,Kellie,Franco
1406,2018-02-25,Parthenia,Figueroa
1407,2018-02-26,Georgetta,Hardin
1408,2018-02-26,Katherin,Clark
1409,2018-02-26,Tobie,Little
1410,2018-02-27,Ruthanne,Franco
1411,2018-03-01,Monica,Sears
1412,2018-03-01,Diane,Jones
1413,2018-03-01,Lolita,Mosley
1414,2018-03-03,Tiny,French
1415,2018-03-03,Carolann,Russell
1416,2018-03-03,Cinthia,Poole
1417,2018-03-04,Rayford,Simon
1418,2018-03-04,Bev,Chang
1419,2018-03-04,Lavern,Orr
1420,2018-03-04,Erna,Sloan
1421,2018-03-05,Sheree,Blanchard
1422,2018-03-05,Jonell,Rivas
1423,2018-03-06,Selene,Vega
1424,2018-03-07,Ester,Acevedo
1425,2018-03-07,Lavina,Dejesus
1426,2018-03-07,Emory,O'connor
1427,2018-03-07,Latoya,Johns
1428,2018-03-08,Addie,Hahn
1429,2018-03-08,Patria,Harper
1430,2018-03-10,Tara,Maynard
1431,2018-03-11,Mazie,Fernandez
1432,2018-03-11,Gayla,Sims
1433,2018-03-11,Britteny,Schroeder
1434,2018-03-14,Frederica,Rojas
1435,2018-03-14,Laurel,Schultz
1436,2018-03-14,Zenia,Bruce
1437,2018-03-15,Homer,Powers
1438,2018-03-15,Dortha,Jarvis
1439,2018-03-15,Jerlene,Rios
1440,2018-03-15,Julianne,Shannon
1441,2018-03-15,Orval,Hunter
1442,2018-03-16,Emmett,Hahn
1443,2018-03-16,Damian,Mills
1444,2018-03-16,Barry,Albert
1445,2018-03-17,Reita,Dickson
1446,2018-03-17,Sandy,Mills
1447,2018-03-18,Lurlene,Cotton
1448,2018-03-18,Whitney,Estes
1449,2018-03-18,Sheba,Knapp
1450,2018-03-19,Sophia,Mcmillan
1451,2018-03-19,Kristy,Watkins
1452,2018-03-20,Mireille,Puckett
1453,2018-03-20,Leland,Mcdowell
1454,2018-03-20,Fairy,Robinson
1455,2018-03-20,Greta,Page
1456,2018-03-20,Hue,May
1457,2018-03-20,Shanda,Stevenson
1458,2018-03-20,Ping,Quinn
1459,2018-03-21,Genoveva,Baldwin
1460,2018-03-21,Desmond,Rose
1461,2018-03-22,Wanita,Davenport
1462,2018-03-22,Louise,Flowers
1463,2018-03-23,Dorothea,Chang
1464,2018-03-24,Stan,Saunders
1465,2018-03-25,Cayla,Johnson
1466,2018-03-26,Fannie,Jenkins
1467,2018-03-26,Katherina,Odom
1468,2018-03-27,Tameka,Fisher
1469,2018-03-27,Alisia,Albert
1470,2018-03-28,Wilda,Petersen
1471,2018-03-28,Emanuel,Mckee
1472,2018-03-29,Thalia,Horne
1473,2018-03-30,Hayden,Cross
1474,2018-03-30,Marshall,Johnson
1475,2018-03-30,Yuk,Vega
1476,2018-03-31,Guillermina,Noble
1477,2018-03-31,Karey,Steele
1478,2018-03-31,Cyndi,Bush
1479,2018-04-01,Kaylee,English
1480,2018-04-01,Santos,Valencia
1481,2018-04-01,Alica,Hunter
1482,2018-04-01,Sharyn,Hopkins
1483,2018-04-02,Linnie,Branch
1484,2018-04-02,Guillermina,Noble
1485,2018-04-02,Gertrud,Rhodes
1486,2018-04-02,Armand,Whitehead
1487,2018-04-03,Deloris,Burke
1488,2018-04-03,Olevia,Pitts
1489,2018-04-03,Dorine,Roberson
1490,2018-04-03,Carline,Collier
1491,2018-04-04,Lizzie,Joyner
1492,2018-04-04,Kathie,Freeman
1493,2018-04-04,Bobbie,Foster
1494,2018-04-05,Katelin,Kennedy
1495,2018-04-05,Lissa,Vargas
1496,2018-04-06,Tameka,Fisher
1497,2018-04-06,Williemae,Holloway
1498,2018-04-06,Zina,Bonner
1499,2018-04-06,Luz,House
1500,2018-04-06,Joesph,Delacruz
1501,2018-04-06,Tu,Ramirez
1502,2018-04-06,Tiesha,Daniel
1503,2018-04-07,Denis,Logan
1504,2018-04-08,Elvera,Peck
1505,2018-04-08,Adelle,Larsen
1506,2018-04-08,Abby,Gamble
1507,2018-04-08,Teofila,Fischer
1508,2018-04-08,Tena,Cruz
1509,2018-04-09,Kasha,Todd
1510,2018-04-09,Emmitt,Sanchez
1511,2018-04-09,Regenia,Vaughan
1512,2018-04-09,Jayne,Kirkland
1513,2018-04-10,Araceli,Golden
1514,2018-04-10,Yan,Mcgowan
1515,2018-04-10,Elinore,Aguilar
1516,2018-04-11,Bridgette,Guerra
1517,2018-04-11,Louanne,Martin
1518,2018-04-11,Nova,Hess
1519,2018-04-11,Theo,Reese
1520,2018-04-11,Lorrie,Becker
1521,2018-04-12,Saturnina,Garner
1522,2018-04-12,Chi,Goff
1523,2018-04-12,Jacquline,Duncan
1524,2018-04-12,Melia,Brady
1525,2018-04-12,Zelma,Browning
1526,2018-04-12,Latasha,Stanley
1527,2018-04-12,Lashawn,Ortiz
1528,2018-04-12,Aleta,Shepard
1529,2018-04-12,Cleotilde,Booth
1530,2018-04-13,Ollie,Zimmerman
1531,2018-04-13,Mariana,Strong
1532,2018-04-13,Latasha,Hays
1533,2018-04-13,Jeanice,Frost
1534,2018-04-14,Georgetta,Hardin
1535,2018-04-14,Lizzette,Stein
1536,2018-04-14,Brittney,Woodward
1537,2018-04-15,Bernita,Mcdaniel
1538,2018-04-15,Ashanti,Parks
1539,2018-04-15,Merlene,Vinson
1540,2018-04-16,Hedwig,Paul
1541,2018-04-16,Pamelia,Newman
1542,2018-04-16,Damien,Dorsey
1543,2018-04-16,Parker,Prince
1544,2018-04-17,Charolette,Rice
1545,2018-04-17,Tommie,Melton
1546,2018-04-17,Marvin,Mullins
1547,2018-04-17,Karla,Kirk
1548,2018-04-17,Regine,Gonzales
1549,2018-04-17,Caren,Stephens
1550,2018-04-17,Janetta,Aguirre
1551,2018-04-17,Tomasa,Carson
1552,2018-04-17,Melanie,Hayes
1553,2018-04-18,Jamaal,Albert
1554,2018-04-18,Jeanie,Kirkland
1555,2018-04-18,Debra,Burks
1556,2018-04-18,Daryl,Spence
1557,2018-04-19,Lucy,Woods
1558,2018-04-19,Tenisha,Lyons
1559,2018-04-20,Tangela,Quinn
1560,2018-04-20,Pamala,Henry
1561,2018-04-20,Kanesha,Vega
1562,2018-04-20,Titus,Bullock
1563,2018-04-20,Keri,Bridges
1564,2018-04-21,Monika,Berg
1565,2018-04-21,Neil,Mccall
1566,2018-04-21,Petronila,Norris
1567,2018-04-21,Arvilla,Osborn
1568,2018-04-21,Bong,Hebert
1569,2018-04-22,Syreeta,Hendricks
1570,2018-04-22,Fran,Yang
1571,2018-04-22,Sarai,Mckee
1572,2018-04-22,Garry,Espinoza
1573,2018-04-23,Corene,Wall
1574,2018-04-23,Jeni,Booker
1575,2018-04-23,Moses,Pope
1576,2018-04-23,Robby,Sykes
1577,2018-04-23,Cesar,Jackson
1578,2018-04-23,Corrina,Sawyer
1579,2018-04-24,Katharina,Bates
1580,2018-04-24,Graciela,Barber
1581,2018-04-25,Sharla,Flynn
1582,2018-04-25,Le,Deleon
1583,2018-04-25,Onita,Johns
1584,2018-04-26,Monica,Sears
1585,2018-04-26,Carola,Rodriquez
1586,2018-04-26,Carley,Reynolds
1587,2018-04-26,Jenee,Rasmussen
1588,2018-04-26,Deshawn,Mendoza
1589,2018-04-27,Ronna,Butler
1590,2018-04-27,Jone,Bernard
1591,2018-04-27,Jeromy,Burch
1592,2018-04-27,Lyndsey,Bean
1593,2018-04-27,Genoveva,Baldwin
1594,2018-04-28,Bennett,Armstrong
1595,2018-04-28,Takako,Casey
1596,2018-04-28,Tobie,Little
1597,2018-04-28,Lolita,Mosley
1598,2018-04-29,Felice,Guzman
1599,2018-04-29,Caroll,Hays
1600,2018-04-29,Marjorie,Logan
1601,2018-04-29,Mozelle,Carter
1602,2018-04-30,Diana,Guerra
1603,2018-04-30,Georgeann,Waller
1604,2018-06-17,Latasha,Hays
1605,2018-07-01,Robena,Hill
1606,2018-07-10,Thalia,Dillard
1607,2018-07-11,Deloris,Burke
1608,2018-07-12,Saturnina,Garner
1609,2018-08-23,Pamelia,Newman
1610,2018-08-25,Linnie,Branch
1611,2018-09-06,Lyndsey,Bean
1612,2018-10-21,Tameka,Fisher
1613,2018-11-18,Debra,Burks
1614,2018-11-28,Dorthey,Jackson
1615,2018-12-28,Sarita,Parks
