customer_id,first_name,last_name,order_count
1,Debra,Burks,3
2,Kasha,Todd,3
3,Tameka,Fisher,3
4,Daryl,Spence,3
5,Charolette,Rice,3
6,Lyndsey,Bean,3
7,Latasha,Hays,3
8,Jacquline,Duncan,3
9,Genoveva,Baldwin,3
10,Pamelia,Newman,3
11,Deshawn,Mendoza,3
12,Robby,Sykes,3
13,Lashawn,Ortiz,3
14,Garry,Espinoza,3
15,Linnie,Branch,3
16,Emmitt,Sanchez,3
17,Caren,Stephens,3
18,Georgetta,Hardin,3
19,Lizzette,Stein,3
20,Aleta,Shepard,3
21,Tobie,Little,3
24,Corene,Wall,3
30,Jamaal,Albert,3
31,Williemae,Holloway,3
32,Araceli,Golden,3
33,Deloris,Burke,3
40,Ronna,Butler,3
43,Mozelle,Carter,3
46,Monika,Berg,3
47,Bridgette,Guerra,3
50,Cleotilde,Booth,3
53,Saturnina,Garner,3
56,Lolita,Mosley,3
61,Elinore,Aguilar,3
64,Bobbie,Foster,3
66,Lorrie,Becker,3
68,Jayne,Kirkland,3
77,Keri,Bridges,3
116,Merlene,Vinson,3
22,Adelle,Larsen,2
23,Kaylee,English,2
25,Regenia,Vaughan,2
26,Theo,Reese,2
27,Santos,Valencia,2
28,Jeanice,Frost,2
29,Syreeta,Hendricks,2
34,Brittney,Woodward,2
35,Guillermina,Noble,2
36,Bernita,Mcdaniel,2
37,Melia,Brady,2
38,Zelma,Browning,2
39,Janetta,Aguirre,2
41,Kathie,Freeman,2
42,Tangela,Quinn,2
44,Onita,Johns,2
45,Bennett,Armstrong,2
48,Cesar,Jackson,2
49,Caroll,Hays,2
51,Gertrud,Rhodes,2
52,Tu,Ramirez,2
54,Fran,Yang,2
55,Diana,Guerra,2
57,Pamala,Henry,2
58,Damien,Dorsey,2
59,Latasha,Stanley,2
60,Neil,Mccall,2
62,Alica,Hunter,2
63,Tenisha,Lyons,2
65,Kanesha,Vega,2
67,Tommie,Melton,2
69,Katelin,Kennedy,2
70,Tomasa,Carson,2
71,Takako,Casey,2
72,Petronila,Norris,2
73,Melanie,Hayes,2
74,Georgeann,Waller,2
75,Abby,Gamble,2
76,Parker,Prince,2
78,Chi,Goff,2
79,Ashanti,Parks,2
80,Sarai,Mckee,2
81,Zina,Bonner,2
82,Lizzie,Joyner,2
83,Tiesha,Daniel,2
84,Armand,Whitehead,2
85,Teofila,Fischer,2
86,Lissa,Vargas,2
87,Yan,Mcgowan,2
88,Titus,Bullock,2
89,Arvilla,Osborn,2
90,Marjorie,Logan,2
91,Marvin,Mullins,2
92,Tena,Cruz,2
93,Corrina,Sawyer,2
94,Sharyn,Hopkins,2
97,Louanne,Martin,2
104,Katharina,Bates,2
109,Monica,Sears,2
110,Ollie,Zimmerman,2
117,Dacia,William,2
119,Thalia,Dillard,2
120,Luz,House,2
121,Lucy,Woods,2
123,Robena,Hill,2
124,Jeni,Booker,2
135,Dorthey,Jackson,2
136,Sarita,Parks,2
138,Jone,Bernard,2
151,Joesph,Delacruz,2
153,Laraine,Robbins,2
157,Carola,Rodriquez,2
165,Jeromy,Burch,2
169,Karla,Kirk,2
170,Regine,Gonzales,2
172,Jeanie,Kirkland,2
175,Nova,Hess,2
176,Carley,Reynolds,2
181,Olevia,Pitts,2
187,Hedwig,Paul,2
188,Sharla,Flynn,2
191,Graciela,Barber,2
192,Bong,Hebert,2
194,Dorine,Roberson,2
208,Denis,Logan,2
217,Carline,Collier,2
224,Moses,Pope,2
231,Jenee,Rasmussen,2
233,Mariana,Strong,2
237,Elvera,Peck,2
239,Felice,Guzman,2
240,Le,Deleon,2
95,Letitia,Franco,1
96,Floretta,Higgins,1
98,Violet,Valenzuela,1
99,Carie,Kidd,1
100,Kellie,Franco,1
101,Nichelle,Howell,1
102,Marisol,Goodman,1
103,Sylvie,Wilkerson,1
105,Marget,Hodge,1
106,Raul,Melendez,1
107,Cecil,Hopper,1
108,Shae,Hickman,1
111,Shila,White,1
112,Yuk,Vega,1
113,Eliana,Silva,1
114,Thalia,Horne,1
115,Rey,Lindsay,1
118,Le,Wood,1
122,Shena,Carter,1
125,Herlinda,Stone,1
126,Lavina,Dejesus,1
127,Erlinda,Nielsen,1
128,Terrance,Lynn,1
129,Walton,Dejesus,1
130,Wes,Stanton,1
131,Tanesha,Hampton,1
132,Boyd,Irwin,1
133,Delbert,Wilkins,1
134,Brianna,Moss,1
137,Shonta,Mercer,1
139,Wanita,Davenport,1
140,Cleopatra,Tate,1
141,Ramiro,Byers,1
142,Nicholas,Vazquez,1
143,Janae,Doyle,1
144,Hans,Price,1
145,Miquel,Neal,1
146,Stefany,Potter,1
147,Bernetta,Marquez,1
148,Julee,Woodard,1
149,Meredith,Bryan,1
150,Weldon,Michael,1
152,Katherina,Odom,1
154,Jenise,Preston,1
155,Lory,Page,1
156,Charlyn,Cantrell,1
158,Alane,Kennedy,1
159,Regina,Burns,1
160,Omer,Estrada,1
161,Crystle,Gilliam,1
162,Kam,Wilder,1
163,Margert,Stevens,1
164,Tomika,Larson,1
166,Lena,Mills,1
167,Loreta,Johnston,1
168,Nettie,Mcdaniel,1
171,Miriam,Baker,1
173,Marquerite,Dawson,1
174,Babara,Ochoa,1
177,Carissa,Foreman,1
178,Genoveva,Tyler,1
179,Deane,Sears,1
180,Karey,Steele,1
182,Jenniffer,Bullock,1
183,Jeniffer,Ratliff,1
184,Klara,Stanley,1
185,Morton,Lee,1
186,Ken,Charles,1
189,Damian,Dawson,1
190,Toya,Pratt,1
193,Ayanna,Rhodes,1
195,Addie,Hahn,1
196,Edythe,Valencia,1
197,Andy,O'neill,1
198,Luis,Tyler,1
199,Clelia,Workman,1
200,Ashely,Holmes,1
201,Candis,Harding,1
202,Marni,Bolton,1
203,Minerva,Decker,1
204,Alpha,King,1
205,Harris,Pittman,1
206,Stephaine,Riddle,1
207,Michel,Blankenship,1
209,Jutta,Everett,1
210,Priscilla,Wilkins,1
211,Gilma,Dejesus,1
212,Buford,Bridges,1
213,Elenore,Hensley,1
214,Ross,Pugh,1
215,Judith,Finley,1
216,Wai,Soto,1
218,Casey,Gill,1
219,Darcie,Morgan,1
220,Lucio,Sherman,1
221,Clementine,Mooney,1
222,Anya,Contreras,1
223,Scarlet,Yates,1
225,Barbera,Riggs,1
226,Kiana,Rivera,1
227,Danielle,Bond,1
228,Whitney,Estes,1
229,Molly,Langley,1
230,Chelsey,Hardin,1
232,Freddie,Mathis,1
234,Winfred,Harris,1
235,Jeromy,Elliott,1
236,Verona,O'neill,1
238,Cindi,Larson,1
241,Manie,Sanchez,1
242,Rutha,Howell,1
243,Natosha,Rowland,1
244,Jessika,Bray,1
245,Delila,Hamilton,1
246,Dionne,Norris,1
247,Muriel,Juarez,1
248,Cecelia,Gill,1
249,Magda,Eaton,1
250,Ivonne,Yang,1
251,Kasie,Rodriquez,1
252,Eleni,Gordon,1
253,Maurice,Norton,1
254,Cristobal,Hutchinson,1
255,Flossie,Holder,1
256,Erma,Salinas,1
257,Earl,Stanley,1
258,Maribel,William,1
259,Johnathan,Velazquez,1
260,Rodrick,Shelton,1
261,Ferne,Kline,1
262,Rubin,Decker,1
263,Dortha,Jarvis,1
264,Mariela,Huffman,1
265,Mellisa,Farley,1
266,Myung,Hooper,1
267,Angelina,Lloyd,1
268,Trinity,Riddle,1
269,Barton,Crosby,1
270,Claudio,Wise,1
271,Katheleen,Marks,1
272,Deja,Chaney,1
273,Queenie,Vance,1
274,Josh,Shaw,1
275,Pinkie,Kirkland,1
276,Lavette,Wright,1
277,Mark,Garrett,1
278,Myesha,Burgess,1
279,Justina,Long,1
280,Brenda,Tate,1
281,Rayna,Perry,1
282,Randolph,Chase,1
283,Jaimee,Day,1
284,Susann,Bass,1
285,Leola,Gould,1
286,Virgil,Frost,1
287,Mireille,Puckett,1
288,Keturah,Massey,1
289,Charmain,Webster,1
290,Barry,Buckner,1
291,Boyce,Burks,1
292,Monty,Frost,1
293,Tiny,French,1
294,Clementina,Sargent,1
295,Danny,Kim,1
296,Sophia,Mcmillan,1
297,Christia,Carson,1
298,Jennie,Middleton,1
299,Jame,Riggs,1
300,Rayford,Simon,1
301,Annett,Garrett,1
302,Hayden,Cross,1
303,Rolanda,Larsen,1
304,Jayme,Zamora,1
305,Hope,Cotton,1
306,Vikki,Erickson,1
307,Fransisca,Nicholson,1
308,Mazie,Fernandez,1
309,Anderson,Martin,1
310,Gilberto,Parsons,1
311,Charise,Burt,1
312,Cameron,Carroll,1
313,Melani,Jarvis,1
314,Javier,Nichols,1
315,Justina,Jenkins,1
316,Hortencia,Graham,1
317,Christia,Wilkins,1
318,Eliz,Whitney,1
319,Justin,Newton,1
320,Aron,Wiggins,1
321,Chere,Hardin,1
322,Merideth,Preston,1
323,Jeniffer,Slater,1
324,Laureen,Paul,1
325,Berna,Moore,1
326,Shiela,Calderon,1
327,Sharie,Alvarez,1
328,Bettie,Glover,1
329,Marilyn,Frank,1
330,Sheba,Knapp,1
331,Aleta,Mack,1
332,Reena,Higgins,1
333,Ami,Mcmahon,1
334,Somer,Jordan,1
335,Scarlet,Reed,1
336,Trisha,Johnson,1
337,Majorie,Wyatt,1
338,Abbey,Pugh,1
339,Tamela,Harrell,1
340,Yanira,Bradshaw,1
341,Delana,Scott,1
342,Cassondra,Pruitt,1
343,Jesica,Fields,1
344,Herta,Rollins,1
345,Mi,Gray,1
346,Jacalyn,Barnett,1
347,Kanesha,Hudson,1
348,Darren,Witt,1
349,Mable,Pratt,1
350,Christoper,Mccall,1
351,Margorie,Wynn,1
352,Josef,Greer,1
353,Tisa,Whitney,1
354,Tonda,Armstrong,1
355,Arvilla,Weiss,1
356,Vashti,Rosario,1
357,Sheri,Cole,1
358,Kandace,Giles,1
359,Angie,Powers,1
360,Van,Peters,1
361,Virgina,Berg,1
362,Olevia,Noel,1
363,Kaci,Gallegos,1
364,Bev,Chang,1
365,Rodger,Rojas,1
366,Lavonne,Anderson,1
367,Blanca,Hooper,1
368,Alysha,Powers,1
369,Mary,Singleton,1
370,Jina,Cooper,1
371,Loni,Duncan,1
372,Collene,Roman,1
373,Mariette,Trevino,1
374,Candelaria,Coffey,1
375,Yan,Trevino,1
376,Elanor,Patrick,1
377,Klara,Mosley,1
378,Rosalba,O'neal,1
379,Mina,Carrillo,1
380,Alesia,Horne,1
381,Kristen,Alvarez,1
382,Collin,Webster,1
383,Ashlee,Pena,1
384,Aimee,Merritt,1
385,Rochelle,Ward,1
386,Nelle,Beck,1
387,Kaila,Walters,1
388,Aleta,Stone,1
389,Leif,Short,1
390,Lorrie,Pollard,1
391,Vernita,Ball,1
392,Cyndi,Bush,1
393,Gertrude,Terry,1
394,Virgen,Clemons,1
395,Fairy,Robinson,1
396,Laverna,Hernandez,1
397,Jeannie,Wilcox,1
398,Suellen,Mercado,1
399,Bart,Hess,1
400,Alfredo,Dodson,1
401,Shaunda,Barnett,1
402,Kerrie,Morton,1
403,Elouise,Fry,1
404,Augustus,Steele,1
405,Greta,Page,1
406,Kerrie,O'neill,1
407,Dannette,Guerrero,1
408,Edra,Fitzgerald,1
409,Jerome,Bolton,1
410,Conception,Slater,1
411,Octavia,Case,1
412,Dexter,Roberts,1
413,Ginette,Edwards,1
414,Romaine,Haley,1
415,Gwendolyn,Miller,1
416,Luke,Fuller,1
417,Zoraida,Patton,1
418,Georgeanna,Webster,1
419,Krystin,Marshall,1
420,Vince,Schneider,1
421,Iola,Rasmussen,1
422,Valery,Saunders,1
423,Johna,Powers,1
424,Charleen,Hurst,1
425,Augustina,Joyner,1
426,Daisy,Ward,1
427,Latonya,Dixon,1
428,Hipolito,Padilla,1
429,Emmett,Casey,1
430,Kandi,Mcneil,1
431,Luciano,Marsh,1
432,Julius,Holt,1
433,Holly,Nieves,1
434,Douglass,Little,1
435,Izola,Hobbs,1
436,Honey,Camacho,1
437,Laureen,Barry,1
438,Katharine,Herrera,1
439,Sunshine,Rosario,1
440,Yevette,Todd,1
441,Dorthea,Walker,1
442,Alane,Munoz,1
443,Ayana,Keith,1
444,Caridad,Compton,1
445,Earline,Ballard,1
446,Nathanael,Bradley,1
447,Chasidy,Tran,1
448,Janella,Bright,1
449,Josie,Schultz,1
450,Ellsworth,Michael,1
451,Jennette,Wooten,1
452,Cassandra,Nichols,1
453,Courtney,Wyatt,1
454,Terese,Palmer,1
455,Sherita,Cherry,1
456,Serina,Hensley,1
457,Jeni,Farley,1
458,Everett,Vega,1
459,Latosha,Dalton,1
460,Romelia,Myers,1
461,Effie,Jenkins,1
462,Efren,Oliver,1
463,Jerlene,Rios,1
464,Bess,Mcbride,1
465,Birdie,Kramer,1
466,Collen,Hayes,1
467,Clare,Neal,1
468,Jeanett,Herman,1
469,Micki,Rutledge,1
470,Loise,Walker,1
471,Burma,Summers,1
472,Myron,Ruiz,1
473,Lashawna,Richardson,1
474,Lavern,Orr,1
475,Alec,Peck,1
476,Christopher,Richardson,1
477,Arminda,Weber,1
478,Emmett,Hahn,1
479,Gertha,Mejia,1
480,Garland,Weaver,1
481,Jayson,Rutledge,1
482,Narcisa,Knapp,1
483,Gayla,Sims,1
484,Chelsey,Boyd,1
485,Catherine,Miles,1
486,Valeri,Marshall,1
487,Grace,Madden,1
488,Joaquin,Hawkins,1
489,Kirstie,Vazquez,1
490,Yu,Mcdonald,1
491,Celestine,Jacobs,1
492,Justa,Thompson,1
493,Lise,Alvarado,1
494,Pearl,Fox,1
495,Travis,Goodman,1
496,Shu,Mays,1
497,Ezra,Fowler,1
498,Edda,Young,1
499,Lidia,Ashley,1
500,Moira,Lester,1
501,Tony,Hicks,1
502,Malinda,Baxter,1
503,Marlo,Jefferson,1
504,Tiana,Henderson,1
505,Wilda,Petersen,1
506,Irving,Pitts,1
507,Sheree,Pena,1
508,Vance,Taylor,1
509,Terra,Pickett,1
510,Faustino,Delacruz,1
511,Julienne,Moody,1
512,Hee,Greer,1
513,Whitney,Cash,1
514,Clarita,Curry,1
515,Reita,Dickson,1
516,Rosa,Kinney,1
517,Buford,Gilbert,1
518,Homer,Powers,1
519,Rudolf,Gilliam,1
520,Andreas,Herman,1
521,Max,Charles,1
522,Tammera,Fischer,1
523,Joshua,Robertson,1
524,Larraine,Horn,1
525,Andreas,Mayer,1
526,Lazaro,Moran,1
527,Afton,Juarez,1
528,Angele,Schroeder,1
529,Ellena,Clements,1
530,Selene,Austin,1
531,Kimberely,Bowen,1
532,Mia,Delgado,1
533,Garret,Clay,1
534,Alejandro,Haney,1
535,Inge,Olsen,1
536,Christiane,Bradford,1
537,Carter,Bentley,1
538,Sherie,Ayala,1
539,Jamika,Acevedo,1
540,Shery,Randolph,1
541,Lanita,Burton,1
542,Timothy,Byers,1
543,Jasmin,Young,1
544,Catarina,Mendez,1
545,Tajuana,Rollins,1
546,Thad,Castro,1
547,Tena,Huber,1
548,Dori,Alvarez,1
549,Elmo,Arnold,1
550,Felicidad,Golden,1
551,Jenine,Crane,1
552,Lea,Key,1
553,Rory,Cooper,1
554,Hilde,Nieves,1
555,Marry,Benjamin,1
556,Vernell,Goff,1
557,Erlene,Cook,1
558,Carroll,Kelly,1
559,Basilia,Thornton,1
560,Tricia,Daniels,1
561,Kandace,Hughes,1
562,Alejandro,Norman,1
563,Rodney,Odom,1
564,Bettie,Pierce,1
565,Dagny,Owen,1
566,Cinthia,Poole,1
567,Sheila,Travis,1
568,Arcelia,Vinson,1
569,Lucas,Estes,1
570,Marissa,Summers,1
571,Kaley,Blanchard,1
572,Wm,Pope,1
573,Rubye,Mccall,1
574,Adriene,Rivera,1
575,Laurence,Christian,1
576,Shirely,Stanley,1
577,Danille,Mcfarland,1
578,Salena,Day,1
579,Matilda,Larson,1
580,Mellisa,Kim,1
581,Vonda,Berger,1
582,Soledad,Moses,1
583,Lashandra,Turner,1
584,Lynne,Anderson,1
585,Chasidy,Webster,1
586,Ulysses,Gaines,1
587,Euna,Lopez,1
588,Cherelle,Key,1
589,Jeffry,Church,1
590,Cyndi,Dyer,1
591,Danilo,Holmes,1
592,Joni,Lee,1
593,Antony,Atkinson,1
594,Deanne,Parsons,1
595,Frederica,Rojas,1
596,Emelda,Dickerson,1
597,Rudolf,Moran,1
598,Benito,Hendrix,1
599,Jonell,Rivas,1
600,Joi,Reeves,1
601,Leland,Mcdowell,1
602,Delaine,Estes,1
603,Genevieve,Juarez,1
604,Kylee,Dickson,1
605,Renita,Henry,1
606,Sarah,Kirkland,1
607,Paul,Lester,1
608,Taisha,Vang,1
609,Eliana,Reese,1
610,Leonore,Dorsey,1
611,Ashleigh,Frank,1
612,Gabriel,Wagner,1
613,Margene,Eaton,1
614,Toshia,Cardenas,1
615,Jamika,Blanchard,1
616,Shery,Acosta,1
617,Jenna,Saunders,1
618,Skye,Pope,1
619,Ana,Palmer,1
620,Eric,Hardin,1
621,Basil,Ballard,1
622,Gabriel,Pitts,1
623,Cayla,Johnson,1
624,Sharika,Colon,1
625,Donnetta,Henson,1
626,Leigh,Burke,1
627,Deloris,Larson,1
628,Ehtel,Cobb,1
629,Evelina,Byrd,1
630,Zulema,Browning,1
631,Tressa,Weiss,1
632,Yvette,Rogers,1
633,Kiara,Deleon,1
634,Taylor,Cole,1
635,Myrtie,James,1
636,Ashton,Lott,1
637,Kara,Higgins,1
638,Tomeka,Higgins,1
639,Ronald,Parsons,1
640,Allison,Nolan,1
641,Derrick,Marks,1
642,Yang,Roth,1
643,Melba,Wilkinson,1
644,Valentin,Mclaughlin,1
645,Lewis,Garner,1
646,Ann,Heath,1
647,Janelle,Maldonado,1
648,Catrice,Hicks,1
649,Eli,Contreras,1
650,Rita,Bailey,1
651,Laure,Pena,1
652,Tilda,Melton,1
653,Florencio,Davenport,1
654,Eun,Harris,1
655,Marylyn,Browning,1
656,Romana,Barnes,1
657,Sam,Lester,1
658,Nicki,Larson,1
659,Antonetta,Rocha,1
660,Shara,Pope,1
661,Trena,Hudson,1
662,Loraine,Sykes,1
663,Alissa,Hood,1
664,Augustus,Schmidt,1
665,Stacie,Sims,1
666,Brittni,Green,1
667,Etsuko,Garrison,1
668,Calandra,Stanton,1
669,Willis,Randolph,1
670,Shawnda,Glover,1
671,Jennette,Baker,1
672,Elma,Molina,1
673,Adam,Henderson,1
674,Ira,Moore,1
675,Kermit,Bowman,1
676,Gayle,Wilkinson,1
677,Launa,Hull,1
678,Myron,Johns,1
679,Tuan,Wolfe,1
680,Mathilda,Pennington,1
681,Reatha,Perez,1
682,Arnita,Thomas,1
683,Amparo,Burks,1
684,Jenny,Bell,1
685,Laverne,Craft,1
686,Darcel,Harmon,1
687,Cecilia,Camacho,1
688,Pearlie,Cochran,1
689,Deirdre,Ryan,1
690,Yevette,Elliott,1
691,Ladawn,Downs,1
692,Dorothea,Chang,1
693,Merlin,Foreman,1
694,Lanie,Dunn,1
695,Christoper,Gould,1
696,Norine,Huffman,1
697,Alane,Mccarty,1
698,Charleen,Joyner,1
699,Zella,Fernandez,1
700,Collene,Knox,1
701,Alysia,Nicholson,1
702,Sharie,Whitaker,1
703,Diana,Cobb,1
704,Morton,Barron,1
705,Camille,Harvey,1
706,Lolita,O'neill,1
707,Terese,Briggs,1
708,Majorie,Glover,1
709,Vinnie,Chan,1
710,Ezra,Silva,1
711,Jovita,Bishop,1
712,Kecia,Olsen,1
713,Ilona,Spears,1
714,Senaida,Thompson,1
715,Larae,Carney,1
716,Sebrina,Hart,1
717,Kristofer,Craig,1
718,Luciana,Mcgee,1
719,Nicki,Fry,1
720,Devin,Shaffer,1
721,Erlinda,Osborne,1
722,Camila,Carroll,1
723,Vicki,Wiggins,1
724,Lois,Steele,1
725,Carola,Mcpherson,1
726,Rochell,Cantrell,1
727,Kasha,Sullivan,1
728,Viva,Dawson,1
729,Hue,Dalton,1
730,Andria,Rivers,1
731,Hilary,Savage,1
732,Lavona,Austin,1
733,Doreatha,Ford,1
734,Alina,Mcleod,1
735,Aide,Franco,1
736,Genny,Hensley,1
737,Melita,Dominguez,1
738,Fannie,Jenkins,1
739,Bobbi,Banks,1
740,Gwenn,Melton,1
741,Laci,Castro,1
742,Evelina,Manning,1
743,Tania,Swanson,1
744,Laurel,Schultz,1
745,Carolyne,Conley,1
746,Eldridge,Greer,1
747,Margret,Barnett,1
748,Oliva,Blackwell,1
749,Oralia,Farley,1
750,Romaine,Salazar,1
751,Hermila,Mckay,1
752,Lloyd,Miranda,1
753,Mandi,Gibbs,1
754,Hue,May,1
755,Tomika,Wilder,1
756,Graig,Roth,1
757,Lamar,Greer,1
758,Raymonde,Garcia,1
759,Cira,Downs,1
760,Marisa,Chambers,1
761,Rod,Hatfield,1
762,Quyen,Houston,1
763,Han,Schneider,1
764,Terrell,Mathis,1
765,Spring,Hayes,1
766,Lecia,Hancock,1
767,Twana,Arnold,1
768,Yvone,Yates,1
769,Agatha,Melton,1
770,Lavonda,Stephenson,1
771,Agnes,Sims,1
772,Latricia,Lindsey,1
773,Yolando,Wade,1
774,Nenita,Mooney,1
775,Kermit,Hyde,1
776,Angelique,Merrill,1
777,Ilda,Roberson,1
778,Corrinne,Garrison,1
779,Major,Merrill,1
780,Ouida,Gregory,1
781,Tajuana,Riddle,1
782,Ricki,Bullock,1
783,Celestine,Kent,1
784,Debbra,Jacobson,1
785,Kandis,Mills,1
786,Wallace,Lane,1
787,Malisa,Mitchell,1
788,Lilliam,Nolan,1
789,Tad,Gardner,1
790,Petronila,Gallegos,1
791,Yun,Nelson,1
792,Edgar,Horn,1
793,Chantay,Maynard,1
794,Donette,Mccarthy,1
795,Mariam,Miranda,1
796,Rosalie,Coffey,1
797,Cathey,Lamb,1
798,Alyse,Jacobson,1
799,India,Barron,1
800,Cris,Dunn,1
801,Ophelia,Rodgers,1
802,Barrett,Sanders,1
803,Bernardina,Cooper,1
804,Douglas,Richards,1
805,Phillis,Fowler,1
806,Reyes,Merritt,1
807,Nathalie,Knowles,1
808,Vallie,Dixon,1
809,Elnora,Simpson,1
810,Ivelisse,Nixon,1
811,Shanti,Johnston,1
812,Martha,Burgess,1
813,Neville,Mcclain,1
814,Ghislaine,Compton,1
815,Leanna,Manning,1
816,Marshall,Johnson,1
817,Zelda,Pratt,1
818,Joel,Wynn,1
819,Yahaira,Robertson,1
820,Sandy,Mills,1
821,Cassidy,Clark,1
822,Kristy,Watkins,1
823,Tina,Bush,1
824,Veronika,Rollins,1
825,Kristel,Byrd,1
826,Shay,Stephenson,1
827,George,Pickett,1
828,Renato,Morton,1
829,Marcy,Rodriguez,1
830,Edmund,Gaines,1
831,Lory,Berg,1
832,Pamala,Fowler,1
833,Leone,Emerson,1
834,Brain,Skinner,1
835,Roseanne,Maynard,1
836,Corinna,Adams,1
837,Kellye,Campbell,1
838,Erna,Sloan,1
839,Carolann,Russell,1
840,Gilbert,Calhoun,1
841,Manie,Maxwell,1
842,Giselle,Robles,1
843,Tessie,Farmer,1
844,Felica,Munoz,1
845,Kathyrn,Bush,1
846,Sylvester,Chan,1
847,Lizette,Ellison,1
848,Ernestina,Skinner,1
849,Phyllis,Hill,1
850,Stephanie,Browning,1
851,Arlena,Buckner,1
852,Lezlie,Thompson,1
853,Brittney,Rojas,1
854,Phylis,Adkins,1
855,Lean,Stark,1
856,Lara,Guy,1
857,Inga,Koch,1
858,Klara,Kim,1
859,Julianne,Shannon,1
860,Loni,Mullen,1
861,Olympia,Figueroa,1
862,Mellie,Puckett,1
863,Shonta,Preston,1
864,Lore,Sykes,1
865,Julia,Joyner,1
866,Lynwood,Jackson,1
867,Rosalva,Hamilton,1
868,Domingo,Casey,1
869,Rodrigo,Durham,1
870,Dwain,Carlson,1
871,Erlinda,Humphrey,1
872,Silas,Tate,1
873,Patience,Clayton,1
874,Mila,Good,1
875,Tanesha,Sawyer,1
876,Onita,Macdonald,1
877,Janine,Manning,1
878,Melodie,Melton,1
879,Ethelyn,Ray,1
880,Phebe,Turner,1
881,Chloe,Patel,1
882,Hilda,Harvey,1
883,Gilberte,Duke,1
884,Willian,Hardin,1
885,Janna,Hayden,1
886,Letisha,May,1
887,Graig,Cannon,1
888,Coleen,Navarro,1
889,Lucilla,Williams,1
890,Rosanne,George,1
891,Ashlie,Parrish,1
892,Alissa,Craft,1
893,Letty,Cobb,1
894,Nathaniel,Richard,1
895,Elaina,Key,1
896,Stefani,Gamble,1
897,Bettyann,Acosta,1
898,Crysta,Velez,1
899,Carisa,Carpenter,1
900,Jule,Davenport,1
901,Lonna,Franks,1
902,Elease,Dejesus,1
903,Maira,Long,1
904,Jana,Thomas,1
905,Hae,Ramirez,1
906,Erik,Leblanc,1
907,Daina,Sampson,1
908,Delmar,Wise,1
909,Alita,Salinas,1
910,Elenore,William,1
911,Nikita,Roy,1
912,Inocencia,Key,1
913,Liliana,Kerr,1
914,Hortencia,O'neil,1
915,Beryl,Bennett,1
916,Alishia,Elliott,1
917,Vernia,Madden,1
918,Kristel,Bullock,1
919,Ruthanne,Hoover,1
920,James,Robles,1
921,Evelin,Vargas,1
922,Elvia,Cardenas,1
923,Randee,Pitts,1
924,Lea,Irwin,1
925,Bryce,Monroe,1
926,Katina,Mcintosh,1
927,Guillermo,Hart,1
928,Joann,Barber,1
929,Thurman,Ellis,1
930,Delana,Wagner,1
931,Porter,Bass,1
932,Yvonne,Bean,1
933,Lurline,Rivers,1
934,Ocie,Slater,1
935,Genevie,Miles,1
936,Sherilyn,Wilcox,1
937,Aida,Koch,1
938,Emory,O'connor,1
939,Maximina,Hutchinson,1
940,Marina,Hinton,1
941,Danyell,Dickerson,1
942,Davis,Long,1
943,Lynn,Mcmahon,1
944,Tonja,Henderson,1
945,Krissy,Ochoa,1
946,Angella,Bridges,1
947,Angele,Castro,1
948,Siobhan,Lang,1
949,Venessa,Frost,1
950,Verna,Solis,1
951,Steve,Bender,1
952,Aileen,Marquez,1
953,Kattie,Stevenson,1
954,Hassan,Nash,1
955,Delfina,Gilliam,1
956,Venus,Hewitt,1
957,Stephen,Vega,1
958,Ciera,Koch,1
959,Christel,Barber,1
960,Arline,Lawson,1
961,Iva,Wilcox,1
962,Maple,Griffin,1
963,Anisha,Lang,1
964,Brent,Calderon,1
965,Margit,Osborn,1
966,Novella,Patel,1
967,Laurette,Hebert,1
968,Jonna,Brown,1
969,Jennell,Solis,1
970,Ruth,Horton,1
971,Samual,Warner,1
972,Damian,Mills,1
973,Margaretta,Clayton,1
974,Marcell,Barrett,1
975,Annis,Sanchez,1
976,Ayanna,Cherry,1
977,Barton,Cox,1
978,Diana,Reyes,1
979,Ingeborg,Ellison,1
980,Carter,Booth,1
981,Christel,Cardenas,1
982,Orval,Hunter,1
983,Marguerite,Berger,1
984,Ivette,Warren,1
985,Milagros,Weber,1
986,Marcel,Lindsay,1
987,Louis,Powell,1
988,Vanda,Holmes,1
989,Loreen,Byers,1
990,Casimira,Chapman,1
991,Brigida,Larson,1
992,Chere,Alston,1
993,Giovanna,Jefferson,1
994,Demarcus,Reese,1
995,Amina,Salazar,1
996,Serafina,Clemons,1
997,Trinidad,Mcclain,1
998,Heather,Chaney,1
999,Latoya,Johns,1
1000,Shiloh,Reeves,1
1001,Lee,Roman,1
1002,Cami,Williamson,1
1003,Sharell,Ross,1
1004,Jerald,Blackwell,1
1005,Ruthanne,Franco,1
1006,Marjory,Leonard,1
1007,Jimmy,Russell,1
1008,Berneice,Pollard,1
1009,Deangelo,Cooley,1
1010,Katia,Henry,1
1011,Sebrina,Gross,1
1012,Josephine,Dale,1
1013,Alma,Peck,1
1014,Ling,Newman,1
1015,Nichelle,Rosario,1
1016,Shenna,Benton,1
1017,Philip,Bryan,1
1018,Carita,Salinas,1
1019,Janie,Herrera,1
1020,Lorraine,Marks,1
1021,Nicolas,Carlson,1
1022,Hye,Mercer,1
1023,Adena,Blake,1
1024,Coleman,Boyd,1
1025,Daphine,Willis,1
1026,Jenine,Dawson,1
1027,Shanita,Wiley,1
1028,Shanna,Bonner,1
1029,Ping,Quinn,1
1030,Saran,Moses,1
1031,Tonja,Bean,1
1032,Vernon,Knowles,1
1033,Jeannette,Skinner,1
1034,Rico,Salas,1
1035,Tangela,Hurley,1
1036,Randee,Lester,1
1037,Ashanti,Hammond,1
1038,Garry,Juarez,1
1039,Bee,Baker,1
1040,Shantae,Hammond,1
1041,Bettye,Espinoza,1
1042,Larissa,Hays,1
1043,Diane,Jones,1
1044,Zenia,Bruce,1
1045,Pasquale,Hogan,1
1046,Dane,Mcdaniel,1
1047,Jamaal,Baker,1
1048,Ji,Burt,1
1049,Marcelino,Mcbride,1
1050,Rozella,Fitzgerald,1
1051,Tonisha,Fowler,1
1052,Zora,Ford,1
1053,Parthenia,Figueroa,1
1054,Arielle,Levine,1
1055,Hildegarde,Christensen,1
1056,Rebbecca,Espinoza,1
1057,Conchita,Boone,1
1058,Aisha,Woods,1
1059,Season,Harvey,1
1060,Tommie,Cooley,1
1061,Alanna,Barry,1
1062,Jerri,Guthrie,1
1063,Tammy,Austin,1
1064,Patsy,Russo,1
1065,Desiree,Branch,1
1066,Raeann,Duncan,1
1067,Lillia,Gillespie,1
1068,Doris,Kaufman,1
1069,Rodolfo,Buck,1
1070,Olimpia,Mays,1
1071,Shemeka,Lyons,1
1072,Maryalice,Henry,1
1073,Leeanne,Cross,1
1074,Lanelle,Guerra,1
1075,Dann,Huff,1
1076,Sherise,Mercer,1
1077,Heather,Perry,1
1078,Theresia,Barron,1
1079,Cindi,Ellis,1
1080,Mirella,Duffy,1
1081,Carson,Macias,1
1082,Divina,Madden,1
1083,Cher,Alston,1
1084,Regine,Odom,1
1085,Adam,Thornton,1
1086,Cori,Schwartz,1
1087,Willow,Gardner,1
1088,Jane,Henderson,1
1089,Chere,Mcfadden,1
1090,Ira,Erickson,1
1091,Risa,Gallagher,1
1092,Lavinia,Cotton,1
1093,Alejandrina,Hodges,1
1094,Keitha,Black,1
1095,Corene,Swanson,1
1096,Tonda,Webb,1
1097,Collen,Dennis,1
1098,Treasa,Dickerson,1
1099,Jewell,Reyes,1
1100,Penny,Acevedo,1
1101,Louise,Flowers,1
1102,Henrietta,Wagner,1
1103,Ardelia,Cooley,1
1104,Khalilah,Robertson,1
1105,Armando,Black,1
1106,Jerri,Henry,1
1107,Lynda,Newman,1
1108,Bao,Wade,1
1109,Gussie,Harding,1
1110,Shirely,Cantrell,1
1111,Caroline,Jenkins,1
1112,Hollis,Rasmussen,1
1113,Kendra,Harrington,1
1114,Douglass,Blankenship,1
1115,Lina,Meadows,1
1116,Patria,Harper,1
1117,Jeffrey,Hill,1
1118,Ja,Dillard,1
1119,Tora,Dunlap,1
1120,Karole,Alvarez,1
1121,Shasta,Combs,1
1122,Cicely,Deleon,1
1123,Raphael,O'neil,1
1124,Hubert,Reilly,1
1125,Caleb,England,1
1126,Elmira,Levy,1
1127,Waldo,Hart,1
1128,Bea,Kane,1
1129,Gilberto,Sanders,1
1130,Benny,Bender,1
1131,Desmond,Rose,1
1132,Parthenia,Holman,1
1133,Dung,King,1
1134,Sherril,Alvarado,1
1135,Alisia,Albert,1
1136,Kallie,Best,1
1137,Dottie,Roberts,1
1138,Hubert,Stone,1
1139,Gabriella,Jones,1
1140,Penney,Hall,1
1141,Mallie,Osborn,1
1142,Britteny,Schroeder,1
1143,Sommer,Hopkins,1
1144,Jewel,Sparks,1
1145,Deandrea,Vega,1
1146,Charlsie,Carson,1
1147,Kandace,Ayers,1
1148,Lenore,Valdez,1
1149,Drucilla,Gilliam,1
1150,Keturah,Reid,1
1151,Herminia,Reyes,1
1152,Tuyet,Rosa,1
1153,Ara,Vazquez,1
1154,Barry,Albert,1
1155,Verdell,Joyner,1
1156,Han,Wade,1
1157,Anton,Barton,1
1158,Vito,Pickett,1
1159,Charlene,Norris,1
1160,Efren,Whitfield,1
1161,Santa,Larson,1
1162,Carmelina,Sellers,1
1163,Carmela,Hays,1
1164,Patrina,Tanner,1
1165,Rikki,Morrow,1
1166,Junita,Reese,1
1167,Ryan,Carter,1
1168,Almeta,Benjamin,1
1169,Beatris,Joyner,1
1170,Mechelle,Chan,1
1171,Earlean,Pena,1
1172,Katherin,Clark,1
1173,Chanel,May,1
1174,Aaron,Knapp,1
1175,Sindy,Anderson,1
1176,Sheree,Blanchard,1
1177,Charlesetta,Soto,1
1178,Wendie,Nash,1
1179,Vernetta,Banks,1
1180,Myrtle,Gardner,1
1181,Agustina,Lawrence,1
1182,Trinidad,Chapman,1
1183,Kim,Clark,1
1184,Annabelle,Hebert,1
1185,Corine,Stuart,1
1186,Kiesha,Bond,1
1187,Kenyetta,Mason,1
1188,Marcene,Curtis,1
1189,Sheila,Goodman,1
1190,Romeo,Steele,1
1191,Tam,Fisher,1
1192,Gena,Owens,1
1193,Phebe,Soto,1
1194,Leticia,Snyder,1
1195,Chantell,Bridges,1
1196,Ileana,Holt,1
1197,Nakisha,Clay,1
1198,Cheryll,Snyder,1
1199,Consuela,Collier,1
1200,Aubrey,Durham,1
1201,Nita,Guy,1
1202,Carmina,Emerson,1
1203,Georgeann,Rojas,1
1204,Leslie,Higgins,1
1205,Emmaline,Huber,1
1206,Mercy,Brown,1
1207,Jenell,Crosby,1
1208,Leila,Barr,1
1209,Deandrea,Cox,1
1210,Shawnna,Frank,1
1211,Brenton,Whitaker,1
1212,Jaqueline,Cummings,1
1213,Yang,Giles,1
1214,Brigid,Sharp,1
1215,Karl,Stephens,1
1216,Elvina,Gates,1
1217,Carlie,Terrell,1
1218,Donovan,Cantrell,1
1219,Alden,Atkinson,1
1220,Carissa,Cross,1
1221,Joy,Underwood,1
1222,Geraldine,O'donnell,1
1223,Bronwyn,Vargas,1
1224,Abram,Copeland,1
1225,Mellisa,Griffin,1
1226,Qiana,Jackson,1
1227,Magali,Dixon,1
1228,Zulema,Clemons,1
1229,Carina,Lynch,1
1230,Jesus,Burch,1
1231,Selene,Vega,1
1232,Jong,Guthrie,1
1233,Lise,Hebert,1
1234,Joshua,Berg,1
1235,Georgina,Gonzales,1
1236,Rudolph,Velez,1
1237,Luke,Kramer,1
1238,Edgar,Quinn,1
1239,Tara,Maynard,1
1240,Bella,Perez,1
1241,Nathaniel,Davidson,1
1242,Chauncey,Donaldson,1
1243,Heide,Reed,1
1244,Trang,Hardin,1
1245,Gabriela,Warren,1
1246,Dale,Rasmussen,1
1247,Tammie,Cherry,1
1248,Bethany,Herring,1
1249,Barbra,Dickerson,1
1250,Neoma,Daugherty,1
1251,Nanette,Roman,1
1252,Adriene,Rollins,1
1253,Susannah,Fields,1
1254,Dung,Reid,1
1255,Ben,Stone,1
1256,Nubia,Anderson,1
1257,Rosamaria,Meyer,1
1258,Todd,Waters,1
1259,Kimbery,Nieves,1
1260,Phuong,Wolf,1
1261,Adelaida,Hancock,1
1262,Brianne,Hays,1
1263,Rufina,Chandler,1
1264,Devin,Velazquez,1
1265,Bonita,Marshall,1
1266,Myrl,Gay,1
1267,Earline,Gordon,1
1268,Sung,Chambers,1
1269,Gustavo,Gamble,1
1270,Ciera,Webb,1
1271,Roy,Chan,1
1272,Houston,Vasquez,1
1273,Cheree,Hale,1
1274,Odette,Moses,1
1275,Lenita,Bonner,1
1276,Shona,Mcmillan,1
1277,Piedad,Irwin,1
1278,Loan,Graham,1
1279,Stan,Saunders,1
1280,Jackeline,Colon,1
1281,Marlen,Dawson,1
1282,Alexis,Mack,1
1283,Mica,Barry,1
1284,Shanice,Spears,1
1285,Garth,Huff,1
1286,Dione,Pratt,1
1287,Victor,Pittman,1
1288,Allie,Conley,1
1289,Shanelle,Anderson,1
1290,Minnie,Compton,1
1291,Shiloh,Bates,1
1292,Lakenya,Oliver,1
1293,Sally,Kinney,1
1294,Edith,Davenport,1
1295,Alline,Beasley,1
1296,Travis,Whitley,1
1297,Vanessa,West,1
1298,Trudy,Riddle,1
1299,Shauna,Edwards,1
1300,Clorinda,Donovan,1
1301,Raven,Curtis,1
1302,Verda,Gilbert,1
1303,Renay,Atkins,1
1304,Tama,Berg,1
1305,Dalia,Carson,1
1306,America,Swanson,1
1307,Cinda,Rocha,1
1308,Shea,Howell,1
1309,Kimberli,Cline,1
1310,Emanuel,Mckee,1
1311,Whitley,Cannon,1
1312,Tereasa,Bird,1
1313,Dante,Grimes,1
1314,Joeann,Garrison,1
1315,Omega,Johnston,1
1316,Conrad,Mueller,1
1317,Glady,Wells,1
1318,Tisha,Petty,1
1319,Claris,Santiago,1
1320,Obdulia,Barber,1
1321,Shantel,Gregory,1
1322,Ai,Forbes,1
1323,Ebony,Cotton,1
1324,Arla,Ellis,1
1325,Magdalena,Sherman,1
1326,Tarra,Guerrero,1
1327,Consuela,Romero,1
1328,Cindie,Franklin,1
1329,Sharyn,Brewer,1
1330,Karren,Stevenson,1
1331,Divina,Reeves,1
1332,Novella,Ross,1
1333,Omega,Huff,1
1334,Ashleigh,Finch,1
1335,Corina,Lynch,1
1336,Joe,Melton,1
1337,Bernetta,Summers,1
1338,Inez,Snider,1
1339,Neida,King,1
1340,Tona,Velasquez,1
1341,Rozanne,Reyes,1
1342,Lekisha,Pope,1
1343,Jama,Rodriquez,1
1344,Eloisa,Tucker,1
1345,Arie,Hunter,1
1346,Sanora,Webster,1
1347,Kate,Barber,1
1348,Yvone,Guerrero,1
1349,Kami,Rios,1
1350,Annett,Rush,1
1351,Carman,Hardy,1
1352,Dorothea,Miranda,1
1353,Agatha,Daniels,1
1354,Alexandria,Zamora,1
1355,Thad,Gilliam,1
1356,Inger,Jennings,1
1357,Karren,Lamb,1
1358,Noble,Glover,1
1359,Octavia,Donaldson,1
1360,Latashia,Travis,1
1361,Destiny,Goodman,1
1362,Christiana,Gross,1
1363,Nestor,Haynes,1
1364,Grisel,Maynard,1
1365,Shenna,Espinoza,1
1366,Trena,Rogers,1
1367,Lucile,Manning,1
1368,Veronique,Fulton,1
1369,Starr,Schneider,1
1370,Rona,Rojas,1
1371,Pandora,Estes,1
1372,Renna,Williams,1
1373,Lanora,Robbins,1
1374,Juliane,Dillard,1
1375,Carlena,Salinas,1
1376,Kimberley,Reynolds,1
1377,Johana,Jacobson,1
1378,Enoch,Rosario,1
1379,Dorine,Thornton,1
1380,Eliz,Lynch,1
1381,Mercedez,Brooks,1
1382,Wynona,Douglas,1
1383,Desire,Mcgowan,1
1384,Elmo,Sweeney,1
1385,Kenton,Hughes,1
1386,Cesar,Wilkins,1
1387,Phylicia,Stout,1
1388,Nanette,Harris,1
1389,Ulrike,Chan,1
1390,Genoveva,Lloyd,1
1391,Sheryl,Chase,1
1392,Trista,Lambert,1
1393,Vivian,Deleon,1
1394,Genny,Fields,1
1395,Eliseo,Knight,1
1396,Delma,Bailey,1
1397,Dewayne,Herring,1
1398,Nevada,Hood,1
1399,Angelika,Perry,1
1400,Shayla,Hart,1
1401,Willetta,Murphy,1
1402,Sandee,Alvarado,1
1403,Mila,Moody,1
1404,Loyce,Conway,1
1405,Thanh,Figueroa,1
1406,Farrah,Orr,1
1407,Hugh,Craft,1
1408,Eleanor,Mendez,1
1409,Lamar,Bush,1
1410,Lurlene,Finch,1
1411,Shanda,Stevenson,1
1412,Adrien,Hunter,1
1413,Ophelia,Decker,1
1414,Sonja,Walls,1
1415,Harold,O'connor,1
1416,Miranda,Kennedy,1
1417,Jasper,Castro,1
1418,Penni,Best,1
1419,Lurlene,Cotton,1
1420,Kelsey,Noble,1
1421,Edris,Barrett,1
1422,Tempie,Jacobson,1
1423,Dollie,Cervantes,1
1424,Lashunda,Cole,1
1425,Justina,Jenkins,1
1426,Londa,Gould,1
1427,Mikel,Wilkerson,1
1428,Carola,Johns,1
1429,Lorrie,Justice,1
1430,Tayna,Wade,1
1431,Mark,Benton,1
1432,Zona,Cameron,1
1433,Nicola,Knight,1
1434,Elana,Miles,1
1435,Merrie,Fowler,1
1436,Macie,Ayers,1
1437,Son,Warner,1
1438,Lee,Dunn,1
1439,Florrie,Little,1
1440,Ernest,Rollins,1
1441,Jamaal,Morrison,1
1442,Cassie,Cline,1
1443,Lezlie,Lamb,1
1444,Ivette,Estes,1
1445,Ester,Acevedo,1
