first_name,last_name,email
Debra,Burks,debra.burks@yahoo.com
Kasha,Todd,kasha.todd@yahoo.com
Tameka,Fisher,tameka.fisher@aol.com
Daryl,Spence,daryl.spence@aol.com
Charolette,Rice,charolette.rice@msn.com
Lyndsey,Bean,lyndsey.bean@hotmail.com
Latasha,Hays,latasha.hays@hotmail.com
Jacquline,Duncan,jacquline.duncan@yahoo.com
Genoveva,Baldwin,genoveva.baldwin@msn.com
Pamelia,Newman,pamelia.newman@gmail.com
Deshawn,Mendoza,deshawn.mendoza@yahoo.com
Robby,Sykes,robby.sykes@hotmail.com
Lashawn,Ortiz,lashawn.ortiz@msn.com
Garry,Espinoza,garry.espinoza@hotmail.com
Linnie,Branch,linnie.branch@gmail.com
Emmitt,Sanchez,emmitt.sanchez@hotmail.com
Caren,Stephens,caren.stephens@msn.com
Georgetta,Hardin,georgetta.hardin@aol.com
Lizzette,Stein,lizzette.stein@yahoo.com
Aleta,Shepard,aleta.shepard@aol.com
Tobie,Little,tobie.little@gmail.com
Adelle,Larsen,adelle.larsen@gmail.com
Kaylee,English,kaylee.english@msn.com
Corene,Wall,corene.wall@msn.com
Regenia,Vaughan,regenia.vaughan@gmail.com
Theo,Reese,theo.reese@gmail.com
Santos,Valencia,santos.valencia@yahoo.com
Jeanice,Frost,jeanice.frost@hotmail.com
Syreeta,Hendricks,syreeta.hendricks@msn.com
Jamaal,Albert,jamaal.albert@gmail.com
Williemae,Holloway,williemae.holloway@msn.com
Araceli,Golden,araceli.golden@msn.com
Deloris,Burke,deloris.burke@hotmail.com
Brittney,Woodward,brittney.woodward@aol.com
Guillermina,Noble,guillermina.noble@msn.com
Bernita,Mcdaniel,bernita.mcdaniel@hotmail.com
Melia,Brady,melia.brady@gmail.com
Zelma,Browning,zelma.browning@aol.com
Janetta,Aguirre,janetta.aguirre@aol.com
Ronna,Butler,ronna.butler@gmail.com
Kathie,Freeman,kathie.freeman@msn.com
Tangela,Quinn,tangela.quinn@aol.com
Mozelle,Carter,mozelle.carter@aol.com
Onita,Johns,onita.johns@msn.com
Bennett,Armstrong,bennett.armstrong@aol.com
Monika,Berg,monika.berg@gmail.com
Bridgette,Guerra,bridgette.guerra@hotmail.com
Cesar,Jackson,cesar.jackson@gmail.com
Caroll,Hays,caroll.hays@yahoo.com
Cleotilde,Booth,cleotilde.booth@gmail.com
Gertrud,Rhodes,gertrud.rhodes@aol.com
Tu,Ramirez,tu.ramirez@hotmail.com
Saturnina,Garner,saturnina.garner@gmail.com
Fran,Yang,fran.yang@hotmail.com
Diana,Guerra,diana.guerra@hotmail.com
Lolita,Mosley,lolita.mosley@hotmail.com
Pamala,Henry,pamala.henry@aol.com
Damien,Dorsey,damien.dorsey@yahoo.com
Latasha,Stanley,latasha.stanley@gmail.com
Neil,Mccall,neil.mccall@gmail.com
Elinore,Aguilar,elinore.aguilar@msn.com
Alica,Hunter,alica.hunter@hotmail.com
Tenisha,Lyons,tenisha.lyons@aol.com
Bobbie,Foster,bobbie.foster@yahoo.com
Kanesha,Vega,kanesha.vega@gmail.com
Lorrie,Becker,lorrie.becker@yahoo.com
Tommie,Melton,tommie.melton@gmail.com
Jayne,Kirkland,jayne.kirkland@hotmail.com
Katelin,Kennedy,katelin.kennedy@gmail.com
Tomasa,Carson,tomasa.carson@aol.com
Takako,Casey,takako.casey@aol.com
Petronila,Norris,petronila.norris@aol.com
Melanie,Hayes,melanie.hayes@msn.com
Georgeann,Waller,georgeann.waller@yahoo.com
Abby,Gamble,abby.gamble@aol.com
Parker,Prince,parker.prince@hotmail.com
Keri,Bridges,keri.bridges@gmail.com
Chi,Goff,chi.goff@aol.com
Ashanti,Parks,ashanti.parks@hotmail.com
Sarai,Mckee,sarai.mckee@msn.com
Zina,Bonner,zina.bonner@hotmail.com
Lizzie,Joyner,lizzie.joyner@msn.com
Tiesha,Daniel,tiesha.daniel@yahoo.com
Armand,Whitehead,armand.whitehead@hotmail.com
Teofila,Fischer,teofila.fischer@aol.com
Lissa,Vargas,lissa.vargas@yahoo.com
Yan,Mcgowan,yan.mcgowan@msn.com
Titus,Bullock,titus.bullock@gmail.com
Arvilla,Osborn,arvilla.osborn@gmail.com
Marjorie,Logan,marjorie.logan@msn.com
Marvin,Mullins,marvin.mullins@aol.com
Tena,Cruz,tena.cruz@yahoo.com
Corrina,Sawyer,corrina.sawyer@yahoo.com
Sharyn,Hopkins,sharyn.hopkins@hotmail.com
Letitia,Franco,letitia.franco@aol.com
Floretta,Higgins,floretta.higgins@hotmail.com
Louanne,Martin,louanne.martin@hotmail.com
Violet,Valenzuela,violet.valenzuela@msn.com
Carie,Kidd,carie.kidd@yahoo.com
Kellie,Franco,kellie.franco@yahoo.com
Nichelle,Howell,nichelle.howell@aol.com
Marisol,Goodman,marisol.goodman@gmail.com
Sylvie,Wilkerson,sylvie.wilkerson@yahoo.com
Katharina,Bates,katharina.bates@gmail.com
Marget,Hodge,marget.hodge@msn.com
Raul,Melendez,raul.melendez@hotmail.com
Cecil,Hopper,cecil.hopper@yahoo.com
Shae,Hickman,shae.hickman@hotmail.com
Monica,Sears,monica.sears@aol.com
Ollie,Zimmerman,ollie.zimmerman@yahoo.com
Shila,White,shila.white@msn.com
Yuk,Vega,yuk.vega@yahoo.com
Eliana,Silva,eliana.silva@gmail.com
Thalia,Horne,thalia.horne@yahoo.com
Rey,Lindsay,rey.lindsay@gmail.com
Merlene,Vinson,merlene.vinson@gmail.com
Dacia,William,dacia.william@msn.com
Le,Wood,le.wood@yahoo.com
Thalia,Dillard,thalia.dillard@yahoo.com
Luz,House,luz.house@gmail.com
Lucy,Woods,lucy.woods@gmail.com
Shena,Carter,shena.carter@yahoo.com
Robena,Hill,robena.hill@hotmail.com
Jeni,Booker,jeni.booker@gmail.com
Herlinda,Stone,herlinda.stone@msn.com
Lavina,Dejesus,lavina.dejesus@msn.com
Erlinda,Nielsen,erlinda.nielsen@aol.com
Terrance,Lynn,terrance.lynn@yahoo.com
Walton,Dejesus,walton.dejesus@yahoo.com
Wes,Stanton,wes.stanton@msn.com
Tanesha,Hampton,tanesha.hampton@hotmail.com
Boyd,Irwin,boyd.irwin@hotmail.com
Delbert,Wilkins,delbert.wilkins@aol.com
Brianna,Moss,brianna.moss@msn.com
Dorthey,Jackson,dorthey.jackson@msn.com
Sarita,Parks,sarita.parks@msn.com
Shonta,Mercer,shonta.mercer@aol.com
Jone,Bernard,jone.bernard@hotmail.com
Wanita,Davenport,wanita.davenport@aol.com
Cleopatra,Tate,cleopatra.tate@aol.com
Ramiro,Byers,ramiro.byers@gmail.com
Nicholas,Vazquez,nicholas.vazquez@hotmail.com
Janae,Doyle,janae.doyle@gmail.com
Hans,Price,hans.price@hotmail.com
Miquel,Neal,miquel.neal@hotmail.com
Stefany,Potter,stefany.potter@gmail.com
Bernetta,Marquez,bernetta.marquez@hotmail.com
Julee,Woodard,julee.woodard@yahoo.com
Meredith,Bryan,meredith.bryan@hotmail.com
Weldon,Michael,weldon.michael@hotmail.com
Joesph,Delacruz,joesph.delacruz@aol.com
Katherina,Odom,katherina.odom@yahoo.com
Laraine,Robbins,laraine.robbins@yahoo.com
Jenise,Preston,jenise.preston@yahoo.com
Lory,Page,lory.page@hotmail.com
Charlyn,Cantrell,charlyn.cantrell@yahoo.com
Carola,Rodriquez,carola.rodriquez@hotmail.com
Alane,Kennedy,alane.kennedy@yahoo.com
Regina,Burns,regina.burns@aol.com
Omer,Estrada,omer.estrada@gmail.com
Crystle,Gilliam,crystle.gilliam@yahoo.com
Kam,Wilder,kam.wilder@hotmail.com
Margert,Stevens,margert.stevens@aol.com
Tomika,Larson,tomika.larson@yahoo.com
Jeromy,Burch,jeromy.burch@msn.com
Lena,Mills,lena.mills@yahoo.com
Loreta,Johnston,loreta.johnston@yahoo.com
Nettie,Mcdaniel,nettie.mcdaniel@hotmail.com
Karla,Kirk,karla.kirk@yahoo.com
Regine,Gonzales,regine.gonzales@gmail.com
Miriam,Baker,miriam.baker@hotmail.com
Jeanie,Kirkland,jeanie.kirkland@aol.com
Marquerite,Dawson,marquerite.dawson@gmail.com
Babara,Ochoa,babara.ochoa@aol.com
Nova,Hess,nova.hess@msn.com
Carley,Reynolds,carley.reynolds@gmail.com
Carissa,Foreman,carissa.foreman@msn.com
Genoveva,Tyler,genoveva.tyler@gmail.com
Deane,Sears,deane.sears@hotmail.com
Karey,Steele,karey.steele@gmail.com
Olevia,Pitts,olevia.pitts@gmail.com
Jenniffer,Bullock,jenniffer.bullock@msn.com
Jeniffer,Ratliff,jeniffer.ratliff@gmail.com
Klara,Stanley,klara.stanley@aol.com
Morton,Lee,morton.lee@yahoo.com
Ken,Charles,ken.charles@msn.com
Hedwig,Paul,hedwig.paul@msn.com
Sharla,Flynn,sharla.flynn@hotmail.com
Damian,Dawson,damian.dawson@hotmail.com
Toya,Pratt,toya.pratt@yahoo.com
Graciela,Barber,graciela.barber@hotmail.com
Bong,Hebert,bong.hebert@gmail.com
Ayanna,Rhodes,ayanna.rhodes@msn.com
Dorine,Roberson,dorine.roberson@msn.com
Addie,Hahn,addie.hahn@hotmail.com
Edythe,Valencia,edythe.valencia@yahoo.com
Andy,O'neill,andy.o'neill@msn.com
Luis,Tyler,luis.tyler@gmail.com
Clelia,Workman,clelia.workman@yahoo.com
Ashely,Holmes,ashely.holmes@aol.com
Candis,Harding,candis.harding@gmail.com
Marni,Bolton,marni.bolton@msn.com
Minerva,Decker,minerva.decker@yahoo.com
Alpha,King,alpha.king@hotmail.com
Harris,Pittman,harris.pittman@yahoo.com
Stephaine,Riddle,stephaine.riddle@hotmail.com
Michel,Blankenship,michel.blankenship@msn.com
Denis,Logan,denis.logan@msn.com
Jutta,Everett,jutta.everett@gmail.com
Priscilla,Wilkins,priscilla.wilkins@aol.com
Gilma,Dejesus,gilma.dejesus@yahoo.com
Buford,Bridges,buford.bridges@msn.com
Elenore,Hensley,elenore.hensley@hotmail.com
Ross,Pugh,ross.pugh@msn.com
Judith,Finley,judith.finley@hotmail.com
Wai,Soto,wai.soto@msn.com
Carline,Collier,carline.collier@msn.com
Casey,Gill,casey.gill@gmail.com
Darcie,Morgan,darcie.morgan@aol.com
Lucio,Sherman,lucio.sherman@gmail.com
Clementine,Mooney,clementine.mooney@yahoo.com
Anya,Contreras,anya.contreras@msn.com
Scarlet,Yates,scarlet.yates@hotmail.com
Moses,Pope,moses.pope@yahoo.com
Barbera,Riggs,barbera.riggs@aol.com
Kiana,Rivera,kiana.rivera@gmail.com
Danielle,Bond,danielle.bond@msn.com
Whitney,Estes,whitney.estes@gmail.com
Molly,Langley,molly.langley@aol.com
Chelsey,Hardin,chelsey.hardin@hotmail.com
Jenee,Rasmussen,jenee.rasmussen@hotmail.com
Freddie,Mathis,freddie.mathis@hotmail.com
Mariana,Strong,mariana.strong@msn.com
Winfred,Harris,winfred.harris@msn.com
Jeromy,Elliott,jeromy.elliott@gmail.com
Verona,O'neill,verona.o'neill@hotmail.com
Elvera,Peck,elvera.peck@yahoo.com
Cindi,Larson,cindi.larson@msn.com
Felice,Guzman,felice.guzman@hotmail.com
Le,Deleon,le.deleon@msn.com
Manie,Sanchez,manie.sanchez@hotmail.com
Rutha,Howell,rutha.howell@gmail.com
Natosha,Rowland,natosha.rowland@aol.com
Jessika,Bray,jessika.bray@yahoo.com
Delila,Hamilton,delila.hamilton@yahoo.com
Dionne,Norris,dionne.norris@yahoo.com
Muriel,Juarez,muriel.juarez@gmail.com
Cecelia,Gill,cecelia.gill@aol.com
Magda,Eaton,magda.eaton@aol.com
Ivonne,Yang,ivonne.yang@gmail.com
Kasie,Rodriquez,kasie.rodriquez@aol.com
Eleni,Gordon,eleni.gordon@hotmail.com
Maurice,Norton,maurice.norton@hotmail.com
Cristobal,Hutchinson,cristobal.hutchinson@gmail.com
Flossie,Holder,flossie.holder@msn.com
Erma,Salinas,erma.salinas@gmail.com
Earl,Stanley,earl.stanley@gmail.com
Maribel,William,maribel.william@aol.com
Johnathan,Velazquez,johnathan.velazquez@hotmail.com
Rodrick,Shelton,rodrick.shelton@hotmail.com
Ferne,Kline,ferne.kline@hotmail.com
Rubin,Decker,rubin.decker@gmail.com
Dortha,Jarvis,dortha.jarvis@yahoo.com
Mariela,Huffman,mariela.huffman@gmail.com
Mellisa,Farley,mellisa.farley@yahoo.com
Myung,Hooper,myung.hooper@gmail.com
Angelina,Lloyd,angelina.lloyd@yahoo.com
Trinity,Riddle,trinity.riddle@aol.com
Barton,Crosby,barton.crosby@msn.com
Claudio,Wise,claudio.wise@hotmail.com
Katheleen,Marks,katheleen.marks@yahoo.com
Deja,Chaney,deja.chaney@hotmail.com
Queenie,Vance,queenie.vance@gmail.com
Josh,Shaw,josh.shaw@gmail.com
Pinkie,Kirkland,pinkie.kirkland@yahoo.com
Lavette,Wright,lavette.wright@msn.com
Mark,Garrett,mark.garrett@msn.com
Myesha,Burgess,myesha.burgess@gmail.com
Justina,Long,justina.long@aol.com
Brenda,Tate,brenda.tate@msn.com
Rayna,Perry,rayna.perry@hotmail.com
Randolph,Chase,randolph.chase@yahoo.com
Jaimee,Day,jaimee.day@aol.com
Susann,Bass,susann.bass@msn.com
Leola,Gould,leola.gould@gmail.com
Virgil,Frost,virgil.frost@gmail.com
Mireille,Puckett,mireille.puckett@hotmail.com
Keturah,Massey,keturah.massey@msn.com
Charmain,Webster,charmain.webster@hotmail.com
Barry,Buckner,barry.buckner@gmail.com
Boyce,Burks,boyce.burks@gmail.com
Monty,Frost,monty.frost@aol.com
Tiny,French,tiny.french@hotmail.com
Clementina,Sargent,clementina.sargent@hotmail.com
Danny,Kim,danny.kim@msn.com
Sophia,Mcmillan,sophia.mcmillan@msn.com
Christia,Carson,christia.carson@gmail.com
Jennie,Middleton,jennie.middleton@gmail.com
Jame,Riggs,jame.riggs@hotmail.com
Rayford,Simon,rayford.simon@msn.com
Annett,Garrett,annett.garrett@yahoo.com
Hayden,Cross,hayden.cross@gmail.com
Rolanda,Larsen,rolanda.larsen@yahoo.com
Jayme,Zamora,jayme.zamora@gmail.com
Hope,Cotton,hope.cotton@aol.com
Vikki,Erickson,vikki.erickson@yahoo.com
Fransisca,Nicholson,fransisca.nicholson@aol.com
Mazie,Fernandez,mazie.fernandez@hotmail.com
Anderson,Martin,anderson.martin@hotmail.com
Gilberto,Parsons,gilberto.parsons@gmail.com
Charise,Burt,charise.burt@aol.com
Cameron,Carroll,cameron.carroll@yahoo.com
Melani,Jarvis,melani.jarvis@hotmail.com
Javier,Nichols,javier.nichols@msn.com
Justina,Jenkins,justina.jenkins@yahoo.com
Hortencia,Graham,hortencia.graham@aol.com
Christia,Wilkins,christia.wilkins@msn.com
Eliz,Whitney,eliz.whitney@msn.com
Justin,Newton,justin.newton@hotmail.com
Aron,Wiggins,aron.wiggins@aol.com
Chere,Hardin,chere.hardin@yahoo.com
Merideth,Preston,merideth.preston@yahoo.com
Jeniffer,Slater,jeniffer.slater@aol.com
Laureen,Paul,laureen.paul@yahoo.com
Berna,Moore,berna.moore@hotmail.com
Shiela,Calderon,shiela.calderon@msn.com
Sharie,Alvarez,sharie.alvarez@msn.com
Bettie,Glover,bettie.glover@gmail.com
Marilyn,Frank,marilyn.frank@aol.com
Sheba,Knapp,sheba.knapp@aol.com
Aleta,Mack,aleta.mack@yahoo.com
Reena,Higgins,reena.higgins@gmail.com
Ami,Mcmahon,ami.mcmahon@aol.com
Somer,Jordan,somer.jordan@msn.com
Scarlet,Reed,scarlet.reed@hotmail.com
Trisha,Johnson,trisha.johnson@msn.com
Majorie,Wyatt,majorie.wyatt@yahoo.com
Abbey,Pugh,abbey.pugh@gmail.com
Tamela,Harrell,tamela.harrell@aol.com
Yanira,Bradshaw,yanira.bradshaw@gmail.com
Delana,Scott,delana.scott@yahoo.com
Cassondra,Pruitt,cassondra.pruitt@aol.com
Jesica,Fields,jesica.fields@yahoo.com
Herta,Rollins,herta.rollins@msn.com
Mi,Gray,mi.gray@aol.com
Jacalyn,Barnett,jacalyn.barnett@gmail.com
Kanesha,Hudson,kanesha.hudson@gmail.com
Darren,Witt,darren.witt@aol.com
Mable,Pratt,mable.pratt@gmail.com
Christoper,Mccall,christoper.mccall@msn.com
Margorie,Wynn,margorie.wynn@gmail.com
Josef,Greer,josef.greer@gmail.com
Tisa,Whitney,tisa.whitney@yahoo.com
Tonda,Armstrong,tonda.armstrong@aol.com
Arvilla,Weiss,arvilla.weiss@msn.com
Vashti,Rosario,vashti.rosario@yahoo.com
Sheri,Cole,sheri.cole@aol.com
Kandace,Giles,kandace.giles@msn.com
Angie,Powers,angie.powers@aol.com
Van,Peters,van.peters@yahoo.com
Virgina,Berg,virgina.berg@yahoo.com
Olevia,Noel,olevia.noel@yahoo.com
Kaci,Gallegos,kaci.gallegos@gmail.com
Bev,Chang,bev.chang@yahoo.com
Rodger,Rojas,rodger.rojas@yahoo.com
Lavonne,Anderson,lavonne.anderson@aol.com
Blanca,Hooper,blanca.hooper@msn.com
Alysha,Powers,alysha.powers@msn.com
Mary,Singleton,mary.singleton@hotmail.com
Jina,Cooper,jina.cooper@aol.com
Loni,Duncan,loni.duncan@gmail.com
Collene,Roman,collene.roman@aol.com
Mariette,Trevino,mariette.trevino@aol.com
Candelaria,Coffey,candelaria.coffey@aol.com
Yan,Trevino,yan.trevino@gmail.com
Elanor,Patrick,elanor.patrick@aol.com
Klara,Mosley,klara.mosley@gmail.com
Rosalba,O'neal,rosalba.o'neal@yahoo.com
Mina,Carrillo,mina.carrillo@aol.com
Alesia,Horne,alesia.horne@aol.com
Kristen,Alvarez,kristen.alvarez@aol.com
Collin,Webster,collin.webster@aol.com
Ashlee,Pena,ashlee.pena@aol.com
Aimee,Merritt,aimee.merritt@yahoo.com
Rochelle,Ward,rochelle.ward@yahoo.com
Nelle,Beck,nelle.beck@aol.com
Kaila,Walters,kaila.walters@msn.com
Aleta,Stone,aleta.stone@aol.com
Leif,Short,leif.short@gmail.com
Lorrie,Pollard,lorrie.pollard@yahoo.com
Vernita,Ball,vernita.ball@gmail.com
Cyndi,Bush,cyndi.bush@gmail.com
Gertrude,Terry,gertrude.terry@hotmail.com
Virgen,Clemons,virgen.clemons@gmail.com
Fairy,Robinson,fairy.robinson@msn.com
Laverna,Hernandez,laverna.hernandez@hotmail.com
Jeannie,Wilcox,jeannie.wilcox@yahoo.com
Suellen,Mercado,suellen.mercado@yahoo.com
Bart,Hess,bart.hess@aol.com
Alfredo,Dodson,alfredo.dodson@hotmail.com
Shaunda,Barnett,shaunda.barnett@gmail.com
Kerrie,Morton,kerrie.morton@hotmail.com
Elouise,Fry,elouise.fry@aol.com
Augustus,Steele,augustus.steele@aol.com
Greta,Page,greta.page@hotmail.com
Kerrie,O'neill,kerrie.o'neill@gmail.com
Dannette,Guerrero,dannette.guerrero@gmail.com
Edra,Fitzgerald,edra.fitzgerald@msn.com
Jerome,Bolton,jerome.bolton@msn.com
Conception,Slater,conception.slater@gmail.com
Octavia,Case,octavia.case@aol.com
Dexter,Roberts,dexter.roberts@gmail.com
Ginette,Edwards,ginette.edwards@hotmail.com
Romaine,Haley,romaine.haley@aol.com
Gwendolyn,Miller,gwendolyn.miller@msn.com
Luke,Fuller,luke.fuller@hotmail.com
Zoraida,Patton,zoraida.patton@aol.com
Georgeanna,Webster,georgeanna.webster@msn.com
Krystin,Marshall,krystin.marshall@hotmail.com
Vince,Schneider,vince.schneider@hotmail.com
Iola,Rasmussen,iola.rasmussen@yahoo.com
Valery,Saunders,valery.saunders@msn.com
Johna,Powers,johna.powers@hotmail.com
Charleen,Hurst,charleen.hurst@yahoo.com
Augustina,Joyner,augustina.joyner@aol.com
Daisy,Ward,daisy.ward@msn.com
Latonya,Dixon,latonya.dixon@hotmail.com
Hipolito,Padilla,hipolito.padilla@hotmail.com
Emmett,Casey,emmett.casey@yahoo.com
Kandi,Mcneil,kandi.mcneil@msn.com
Luciano,Marsh,luciano.marsh@aol.com
Julius,Holt,julius.holt@aol.com
Holly,Nieves,holly.nieves@aol.com
Douglass,Little,douglass.little@hotmail.com
Izola,Hobbs,izola.hobbs@gmail.com
Honey,Camacho,honey.camacho@gmail.com
Laureen,Barry,laureen.barry@yahoo.com
Katharine,Herrera,katharine.herrera@hotmail.com
Sunshine,Rosario,sunshine.rosario@aol.com
Yevette,Todd,yevette.todd@aol.com
Dorthea,Walker,dorthea.walker@aol.com
Alane,Munoz,alane.munoz@gmail.com
Ayana,Keith,ayana.keith@hotmail.com
Caridad,Compton,caridad.compton@aol.com
Earline,Ballard,earline.ballard@hotmail.com
Nathanael,Bradley,nathanael.bradley@aol.com
Chasidy,Tran,chasidy.tran@msn.com
Janella,Bright,janella.bright@aol.com
Josie,Schultz,josie.schultz@hotmail.com
Ellsworth,Michael,ellsworth.michael@yahoo.com
Jennette,Wooten,jennette.wooten@msn.com
Cassandra,Nichols,cassandra.nichols@yahoo.com
Courtney,Wyatt,courtney.wyatt@gmail.com
Terese,Palmer,terese.palmer@hotmail.com
Sherita,Cherry,sherita.cherry@gmail.com
Serina,Hensley,serina.hensley@yahoo.com
Jeni,Farley,jeni.farley@aol.com
Everett,Vega,everett.vega@yahoo.com
Latosha,Dalton,latosha.dalton@yahoo.com
Romelia,Myers,romelia.myers@msn.com
Effie,Jenkins,effie.jenkins@msn.com
Efren,Oliver,efren.oliver@gmail.com
Jerlene,Rios,jerlene.rios@yahoo.com
Bess,Mcbride,bess.mcbride@yahoo.com
Birdie,Kramer,birdie.kramer@hotmail.com
Collen,Hayes,collen.hayes@yahoo.com
Clare,Neal,clare.neal@msn.com
Jeanett,Herman,jeanett.herman@hotmail.com
Micki,Rutledge,micki.rutledge@aol.com
Loise,Walker,loise.walker@aol.com
Burma,Summers,burma.summers@yahoo.com
Myron,Ruiz,myron.ruiz@gmail.com
Lashawna,Richardson,lashawna.richardson@hotmail.com
Lavern,Orr,lavern.orr@hotmail.com
Alec,Peck,alec.peck@hotmail.com
Christopher,Richardson,christopher.richardson@gmail.com
Arminda,Weber,arminda.weber@yahoo.com
Emmett,Hahn,emmett.hahn@hotmail.com
Gertha,Mejia,gertha.mejia@yahoo.com
Garland,Weaver,garland.weaver@gmail.com
Jayson,Rutledge,jayson.rutledge@yahoo.com
Narcisa,Knapp,narcisa.knapp@aol.com
Gayla,Sims,gayla.sims@gmail.com
Chelsey,Boyd,chelsey.boyd@yahoo.com
Catherine,Miles,catherine.miles@msn.com
Valeri,Marshall,valeri.marshall@hotmail.com
Grace,Madden,grace.madden@gmail.com
Joaquin,Hawkins,joaquin.hawkins@aol.com
Kirstie,Vazquez,kirstie.vazquez@gmail.com
Yu,Mcdonald,yu.mcdonald@aol.com
Celestine,Jacobs,celestine.jacobs@gmail.com
Justa,Thompson,justa.thompson@aol.com
Lise,Alvarado,lise.alvarado@gmail.com
Pearl,Fox,pearl.fox@yahoo.com
Travis,Goodman,travis.goodman@yahoo.com
Shu,Mays,shu.mays@gmail.com
Ezra,Fowler,ezra.fowler@hotmail.com
Edda,Young,edda.young@gmail.com
Lidia,Ashley,lidia.ashley@hotmail.com
Moira,Lester,moira.lester@msn.com
Tony,Hicks,tony.hicks@gmail.com
Malinda,Baxter,malinda.baxter@yahoo.com
Marlo,Jefferson,marlo.jefferson@gmail.com
Tiana,Henderson,tiana.henderson@aol.com
Wilda,Petersen,wilda.petersen@aol.com
Irving,Pitts,irving.pitts@msn.com
Sheree,Pena,sheree.pena@yahoo.com
Vance,Taylor,vance.taylor@msn.com
Terra,Pickett,terra.pickett@aol.com
Faustino,Delacruz,faustino.delacruz@msn.com
Julienne,Moody,julienne.moody@hotmail.com
Hee,Greer,hee.greer@hotmail.com
Whitney,Cash,whitney.cash@gmail.com
Clarita,Curry,clarita.curry@hotmail.com
Reita,Dickson,reita.dickson@hotmail.com
Rosa,Kinney,rosa.kinney@yahoo.com
Buford,Gilbert,buford.gilbert@yahoo.com
Homer,Powers,homer.powers@msn.com
Rudolf,Gilliam,rudolf.gilliam@aol.com
Andreas,Herman,andreas.herman@msn.com
Max,Charles,max.charles@gmail.com
Tammera,Fischer,tammera.fischer@hotmail.com
Joshua,Robertson,joshua.robertson@gmail.com
Larraine,Horn,larraine.horn@msn.com
Andreas,Mayer,andreas.mayer@hotmail.com
Lazaro,Moran,lazaro.moran@gmail.com
Afton,Juarez,afton.juarez@gmail.com
Angele,Schroeder,angele.schroeder@yahoo.com
Ellena,Clements,ellena.clements@aol.com
Selene,Austin,selene.austin@msn.com
Kimberely,Bowen,kimberely.bowen@hotmail.com
Mia,Delgado,mia.delgado@yahoo.com
Garret,Clay,garret.clay@yahoo.com
Alejandro,Haney,alejandro.haney@msn.com
Inge,Olsen,inge.olsen@msn.com
Christiane,Bradford,christiane.bradford@gmail.com
Carter,Bentley,carter.bentley@yahoo.com
Sherie,Ayala,sherie.ayala@msn.com
Jamika,Acevedo,jamika.acevedo@yahoo.com
Shery,Randolph,shery.randolph@hotmail.com
Lanita,Burton,lanita.burton@msn.com
Timothy,Byers,timothy.byers@msn.com
Jasmin,Young,jasmin.young@gmail.com
Catarina,Mendez,catarina.mendez@hotmail.com
Tajuana,Rollins,tajuana.rollins@msn.com
Thad,Castro,thad.castro@msn.com
Tena,Huber,tena.huber@gmail.com
Dori,Alvarez,dori.alvarez@msn.com
Elmo,Arnold,elmo.arnold@aol.com
Felicidad,Golden,felicidad.golden@yahoo.com
Jenine,Crane,jenine.crane@msn.com
Lea,Key,lea.key@yahoo.com
Rory,Cooper,rory.cooper@gmail.com
Hilde,Nieves,hilde.nieves@gmail.com
Marry,Benjamin,marry.benjamin@yahoo.com
Vernell,Goff,vernell.goff@msn.com
Erlene,Cook,erlene.cook@gmail.com
Carroll,Kelly,carroll.kelly@yahoo.com
Basilia,Thornton,basilia.thornton@hotmail.com
Tricia,Daniels,tricia.daniels@gmail.com
Kandace,Hughes,kandace.hughes@hotmail.com
Alejandro,Norman,alejandro.norman@yahoo.com
Rodney,Odom,rodney.odom@yahoo.com
Bettie,Pierce,bettie.pierce@gmail.com
Dagny,Owen,dagny.owen@hotmail.com
Cinthia,Poole,cinthia.poole@aol.com
Sheila,Travis,sheila.travis@yahoo.com
Arcelia,Vinson,arcelia.vinson@gmail.com
Lucas,Estes,lucas.estes@yahoo.com
Marissa,Summers,marissa.summers@msn.com
Kaley,Blanchard,kaley.blanchard@msn.com
Wm,Pope,wm.pope@msn.com
Rubye,Mccall,rubye.mccall@hotmail.com
Adriene,Rivera,adriene.rivera@hotmail.com
Laurence,Christian,laurence.christian@gmail.com
Shirely,Stanley,shirely.stanley@gmail.com
Danille,Mcfarland,danille.mcfarland@msn.com
Salena,Day,salena.day@msn.com
Matilda,Larson,matilda.larson@hotmail.com
Mellisa,Kim,mellisa.kim@aol.com
Vonda,Berger,vonda.berger@yahoo.com
Soledad,Moses,soledad.moses@yahoo.com
Lashandra,Turner,lashandra.turner@hotmail.com
Lynne,Anderson,lynne.anderson@msn.com
Chasidy,Webster,chasidy.webster@msn.com
Ulysses,Gaines,ulysses.gaines@aol.com
Euna,Lopez,euna.lopez@gmail.com
Cherelle,Key,cherelle.key@msn.com
Jeffry,Church,jeffry.church@msn.com
Cyndi,Dyer,cyndi.dyer@msn.com
Danilo,Holmes,danilo.holmes@gmail.com
Joni,Lee,joni.lee@gmail.com
Antony,Atkinson,antony.atkinson@msn.com
Deanne,Parsons,deanne.parsons@aol.com
Frederica,Rojas,frederica.rojas@yahoo.com
Emelda,Dickerson,emelda.dickerson@aol.com
Rudolf,Moran,rudolf.moran@gmail.com
Benito,Hendrix,benito.hendrix@gmail.com
Jonell,Rivas,jonell.rivas@msn.com
Joi,Reeves,joi.reeves@msn.com
Leland,Mcdowell,leland.mcdowell@gmail.com
Delaine,Estes,delaine.estes@yahoo.com
Genevieve,Juarez,genevieve.juarez@gmail.com
Kylee,Dickson,kylee.dickson@gmail.com
Renita,Henry,renita.henry@msn.com
Sarah,Kirkland,sarah.kirkland@aol.com
Paul,Lester,paul.lester@gmail.com
Taisha,Vang,taisha.vang@yahoo.com
Eliana,Reese,eliana.reese@hotmail.com
Leonore,Dorsey,leonore.dorsey@yahoo.com
Ashleigh,Frank,ashleigh.frank@gmail.com
Gabriel,Wagner,gabriel.wagner@msn.com
Margene,Eaton,margene.eaton@yahoo.com
Toshia,Cardenas,toshia.cardenas@gmail.com
Jamika,Blanchard,jamika.blanchard@gmail.com
Shery,Acosta,shery.acosta@yahoo.com
Jenna,Saunders,jenna.saunders@aol.com
Skye,Pope,skye.pope@yahoo.com
Ana,Palmer,ana.palmer@yahoo.com
Eric,Hardin,eric.hardin@gmail.com
Basil,Ballard,basil.ballard@yahoo.com
Gabriel,Pitts,gabriel.pitts@gmail.com
Cayla,Johnson,cayla.johnson@msn.com
Sharika,Colon,sharika.colon@gmail.com
Donnetta,Henson,donnetta.henson@hotmail.com
Leigh,Burke,leigh.burke@hotmail.com
Deloris,Larson,deloris.larson@aol.com
Ehtel,Cobb,ehtel.cobb@hotmail.com
Evelina,Byrd,evelina.byrd@msn.com
Zulema,Browning,zulema.browning@gmail.com
Tressa,Weiss,tressa.weiss@msn.com
Yvette,Rogers,yvette.rogers@aol.com
Kiara,Deleon,kiara.deleon@gmail.com
Taylor,Cole,taylor.cole@gmail.com
Myrtie,James,myrtie.james@yahoo.com
Ashton,Lott,ashton.lott@hotmail.com
Kara,Higgins,kara.higgins@aol.com
Tomeka,Higgins,tomeka.higgins@msn.com
Ronald,Parsons,ronald.parsons@msn.com
Allison,Nolan,allison.nolan@gmail.com
Derrick,Marks,derrick.marks@yahoo.com
Yang,Roth,yang.roth@aol.com
Melba,Wilkinson,melba.wilkinson@gmail.com
Valentin,Mclaughlin,valentin.mclaughlin@hotmail.com
Lewis,Garner,lewis.garner@gmail.com
Ann,Heath,ann.heath@msn.com
Janelle,Maldonado,janelle.maldonado@gmail.com
Catrice,Hicks,catrice.hicks@yahoo.com
Eli,Contreras,eli.contreras@hotmail.com
Rita,Bailey,rita.bailey@hotmail.com
Laure,Pena,laure.pena@yahoo.com
Tilda,Melton,tilda.melton@msn.com
Florencio,Davenport,florencio.davenport@yahoo.com
Eun,Harris,eun.harris@gmail.com
Marylyn,Browning,marylyn.browning@msn.com
Romana,Barnes,romana.barnes@yahoo.com
Sam,Lester,sam.lester@gmail.com
Nicki,Larson,nicki.larson@yahoo.com
Antonetta,Rocha,antonetta.rocha@yahoo.com
Shara,Pope,shara.pope@msn.com
Trena,Hudson,trena.hudson@hotmail.com
Loraine,Sykes,loraine.sykes@yahoo.com
Alissa,Hood,alissa.hood@gmail.com
Augustus,Schmidt,augustus.schmidt@msn.com
Stacie,Sims,stacie.sims@hotmail.com
Brittni,Green,brittni.green@msn.com
Etsuko,Garrison,etsuko.garrison@yahoo.com
Calandra,Stanton,calandra.stanton@aol.com
Willis,Randolph,willis.randolph@yahoo.com
Shawnda,Glover,shawnda.glover@gmail.com
Jennette,Baker,jennette.baker@gmail.com
Elma,Molina,elma.molina@msn.com
Adam,Henderson,adam.henderson@hotmail.com
Ira,Moore,ira.moore@gmail.com
Kermit,Bowman,kermit.bowman@gmail.com
Gayle,Wilkinson,gayle.wilkinson@yahoo.com
Launa,Hull,launa.hull@yahoo.com
Myron,Johns,myron.johns@msn.com
Tuan,Wolfe,tuan.wolfe@aol.com
Mathilda,Pennington,mathilda.pennington@gmail.com
Reatha,Perez,reatha.perez@aol.com
Arnita,Thomas,arnita.thomas@gmail.com
Amparo,Burks,amparo.burks@aol.com
Jenny,Bell,jenny.bell@hotmail.com
Laverne,Craft,laverne.craft@aol.com
Darcel,Harmon,darcel.harmon@msn.com
Cecilia,Camacho,cecilia.camacho@yahoo.com
Pearlie,Cochran,pearlie.cochran@msn.com
Deirdre,Ryan,deirdre.ryan@yahoo.com
Yevette,Elliott,yevette.elliott@aol.com
Ladawn,Downs,ladawn.downs@yahoo.com
Dorothea,Chang,dorothea.chang@gmail.com
Merlin,Foreman,merlin.foreman@msn.com
Lanie,Dunn,lanie.dunn@gmail.com
Christoper,Gould,christoper.gould@aol.com
Norine,Huffman,norine.huffman@aol.com
Alane,Mccarty,alane.mccarty@hotmail.com
Charleen,Joyner,charleen.joyner@aol.com
Zella,Fernandez,zella.fernandez@yahoo.com
Collene,Knox,collene.knox@msn.com
Alysia,Nicholson,alysia.nicholson@hotmail.com
Sharie,Whitaker,sharie.whitaker@hotmail.com
Diana,Cobb,diana.cobb@hotmail.com
Morton,Barron,morton.barron@msn.com
Camille,Harvey,camille.harvey@hotmail.com
Lolita,O'neill,lolita.o'neill@aol.com
Terese,Briggs,terese.briggs@msn.com
Majorie,Glover,majorie.glover@msn.com
Vinnie,Chan,vinnie.chan@aol.com
Ezra,Silva,ezra.silva@msn.com
Jovita,Bishop,jovita.bishop@aol.com
Kecia,Olsen,kecia.olsen@msn.com
Ilona,Spears,ilona.spears@gmail.com
Senaida,Thompson,senaida.thompson@msn.com
Larae,Carney,larae.carney@msn.com
Sebrina,Hart,sebrina.hart@yahoo.com
Kristofer,Craig,kristofer.craig@yahoo.com
Luciana,Mcgee,luciana.mcgee@msn.com
Nicki,Fry,nicki.fry@hotmail.com
Devin,Shaffer,devin.shaffer@gmail.com
Erlinda,Osborne,erlinda.osborne@yahoo.com
Camila,Carroll,camila.carroll@yahoo.com
Vicki,Wiggins,vicki.wiggins@hotmail.com
Lois,Steele,lois.steele@yahoo.com
Carola,Mcpherson,carola.mcpherson@hotmail.com
Rochell,Cantrell,rochell.cantrell@yahoo.com
Kasha,Sullivan,kasha.sullivan@hotmail.com
Viva,Dawson,viva.dawson@yahoo.com
Hue,Dalton,hue.dalton@hotmail.com
Andria,Rivers,andria.rivers@aol.com
Hilary,Savage,hilary.savage@yahoo.com
Lavona,Austin,lavona.austin@yahoo.com
Doreatha,Ford,doreatha.ford@yahoo.com
Alina,Mcleod,alina.mcleod@msn.com
Aide,Franco,aide.franco@msn.com
Genny,Hensley,genny.hensley@yahoo.com
Melita,Dominguez,melita.dominguez@msn.com
Fannie,Jenkins,fannie.jenkins@msn.com
Bobbi,Banks,bobbi.banks@yahoo.com
Gwenn,Melton,gwenn.melton@yahoo.com
Laci,Castro,laci.castro@hotmail.com
Evelina,Manning,evelina.manning@aol.com
Tania,Swanson,tania.swanson@yahoo.com
Laurel,Schultz,laurel.schultz@hotmail.com
Carolyne,Conley,carolyne.conley@gmail.com
Eldridge,Greer,eldridge.greer@aol.com
Margret,Barnett,margret.barnett@gmail.com
Oliva,Blackwell,oliva.blackwell@hotmail.com
Oralia,Farley,oralia.farley@hotmail.com
Romaine,Salazar,romaine.salazar@yahoo.com
Hermila,Mckay,hermila.mckay@yahoo.com
Lloyd,Miranda,lloyd.miranda@hotmail.com
Mandi,Gibbs,mandi.gibbs@gmail.com
Hue,May,hue.may@aol.com
Tomika,Wilder,tomika.wilder@aol.com
Graig,Roth,graig.roth@aol.com
Lamar,Greer,lamar.greer@gmail.com
Raymonde,Garcia,raymonde.garcia@aol.com
Cira,Downs,cira.downs@gmail.com
Marisa,Chambers,marisa.chambers@msn.com
Rod,Hatfield,rod.hatfield@hotmail.com
Quyen,Houston,quyen.houston@gmail.com
Han,Schneider,han.schneider@gmail.com
Terrell,Mathis,terrell.mathis@aol.com
Spring,Hayes,spring.hayes@hotmail.com
Lecia,Hancock,lecia.hancock@hotmail.com
Twana,Arnold,twana.arnold@msn.com
Yvone,Yates,yvone.yates@gmail.com
Agatha,Melton,agatha.melton@yahoo.com
Lavonda,Stephenson,lavonda.stephenson@gmail.com
Agnes,Sims,agnes.sims@aol.com
Latricia,Lindsey,latricia.lindsey@hotmail.com
Yolando,Wade,yolando.wade@hotmail.com
Nenita,Mooney,nenita.mooney@hotmail.com
Kermit,Hyde,kermit.hyde@hotmail.com
Angelique,Merrill,angelique.merrill@gmail.com
Ilda,Roberson,ilda.roberson@aol.com
Corrinne,Garrison,corrinne.garrison@yahoo.com
Major,Merrill,major.merrill@aol.com
Ouida,Gregory,ouida.gregory@aol.com
Tajuana,Riddle,tajuana.riddle@hotmail.com
Ricki,Bullock,ricki.bullock@hotmail.com
Celestine,Kent,celestine.kent@aol.com
Debbra,Jacobson,debbra.jacobson@yahoo.com
Kandis,Mills,kandis.mills@hotmail.com
Wallace,Lane,wallace.lane@aol.com
Malisa,Mitchell,malisa.mitchell@msn.com
Lilliam,Nolan,lilliam.nolan@msn.com
Tad,Gardner,tad.gardner@hotmail.com
Petronila,Gallegos,petronila.gallegos@gmail.com
Yun,Nelson,yun.nelson@hotmail.com
Edgar,Horn,edgar.horn@aol.com
Chantay,Maynard,chantay.maynard@gmail.com
Donette,Mccarthy,donette.mccarthy@yahoo.com
Mariam,Miranda,mariam.miranda@aol.com
Rosalie,Coffey,rosalie.coffey@gmail.com
Cathey,Lamb,cathey.lamb@msn.com
Alyse,Jacobson,alyse.jacobson@yahoo.com
India,Barron,india.barron@msn.com
Cris,Dunn,cris.dunn@yahoo.com
Ophelia,Rodgers,ophelia.rodgers@gmail.com
Barrett,Sanders,barrett.sanders@aol.com
Bernardina,Cooper,bernardina.cooper@msn.com
Douglas,Richards,douglas.richards@hotmail.com
Phillis,Fowler,phillis.fowler@aol.com
Reyes,Merritt,reyes.merritt@yahoo.com
Nathalie,Knowles,nathalie.knowles@aol.com
Vallie,Dixon,vallie.dixon@yahoo.com
Elnora,Simpson,elnora.simpson@yahoo.com
Ivelisse,Nixon,ivelisse.nixon@aol.com
Shanti,Johnston,shanti.johnston@gmail.com
Martha,Burgess,martha.burgess@msn.com
Neville,Mcclain,neville.mcclain@yahoo.com
Ghislaine,Compton,ghislaine.compton@aol.com
Leanna,Manning,leanna.manning@yahoo.com
Marshall,Johnson,marshall.johnson@yahoo.com
Zelda,Pratt,zelda.pratt@gmail.com
Joel,Wynn,joel.wynn@aol.com
Yahaira,Robertson,yahaira.robertson@yahoo.com
Sandy,Mills,sandy.mills@gmail.com
Cassidy,Clark,cassidy.clark@hotmail.com
Kristy,Watkins,kristy.watkins@gmail.com
Tina,Bush,tina.bush@aol.com
Veronika,Rollins,veronika.rollins@yahoo.com
Kristel,Byrd,kristel.byrd@hotmail.com
Shay,Stephenson,shay.stephenson@aol.com
George,Pickett,george.pickett@msn.com
Renato,Morton,renato.morton@msn.com
Marcy,Rodriguez,marcy.rodriguez@gmail.com
Edmund,Gaines,edmund.gaines@gmail.com
Lory,Berg,lory.berg@aol.com
Pamala,Fowler,pamala.fowler@gmail.com
Leone,Emerson,leone.emerson@msn.com
Brain,Skinner,brain.skinner@hotmail.com
Roseanne,Maynard,roseanne.maynard@yahoo.com
Corinna,Adams,corinna.adams@msn.com
Kellye,Campbell,kellye.campbell@gmail.com
Erna,Sloan,erna.sloan@aol.com
Carolann,Russell,carolann.russell@hotmail.com
Gilbert,Calhoun,gilbert.calhoun@msn.com
Manie,Maxwell,manie.maxwell@gmail.com
Giselle,Robles,giselle.robles@hotmail.com
Tessie,Farmer,tessie.farmer@msn.com
Felica,Munoz,felica.munoz@aol.com
Kathyrn,Bush,kathyrn.bush@gmail.com
Sylvester,Chan,sylvester.chan@hotmail.com
Lizette,Ellison,lizette.ellison@hotmail.com
Ernestina,Skinner,ernestina.skinner@hotmail.com
Phyllis,Hill,phyllis.hill@yahoo.com
Stephanie,Browning,stephanie.browning@yahoo.com
Arlena,Buckner,arlena.buckner@hotmail.com
Lezlie,Thompson,lezlie.thompson@yahoo.com
Brittney,Rojas,brittney.rojas@aol.com
Phylis,Adkins,phylis.adkins@msn.com
Lean,Stark,lean.stark@msn.com
Lara,Guy,lara.guy@aol.com
Inga,Koch,inga.koch@msn.com
Klara,Kim,klara.kim@gmail.com
Julianne,Shannon,julianne.shannon@hotmail.com
Loni,Mullen,loni.mullen@msn.com
Olympia,Figueroa,olympia.figueroa@hotmail.com
Mellie,Puckett,mellie.puckett@yahoo.com
Shonta,Preston,shonta.preston@msn.com
Lore,Sykes,lore.sykes@aol.com
Julia,Joyner,julia.joyner@msn.com
Lynwood,Jackson,lynwood.jackson@aol.com
Rosalva,Hamilton,rosalva.hamilton@aol.com
Domingo,Casey,domingo.casey@msn.com
Rodrigo,Durham,rodrigo.durham@aol.com
Dwain,Carlson,dwain.carlson@gmail.com
Erlinda,Humphrey,erlinda.humphrey@hotmail.com
Silas,Tate,silas.tate@yahoo.com
Patience,Clayton,patience.clayton@hotmail.com
Mila,Good,mila.good@yahoo.com
Tanesha,Sawyer,tanesha.sawyer@aol.com
Onita,Macdonald,onita.macdonald@yahoo.com
Janine,Manning,janine.manning@gmail.com
Melodie,Melton,melodie.melton@yahoo.com
Ethelyn,Ray,ethelyn.ray@yahoo.com
Phebe,Turner,phebe.turner@aol.com
Chloe,Patel,chloe.patel@yahoo.com
Hilda,Harvey,hilda.harvey@gmail.com
Gilberte,Duke,gilberte.duke@gmail.com
Willian,Hardin,willian.hardin@msn.com
Janna,Hayden,janna.hayden@msn.com
Letisha,May,letisha.may@yahoo.com
Graig,Cannon,graig.cannon@gmail.com
Coleen,Navarro,coleen.navarro@aol.com
Lucilla,Williams,lucilla.williams@hotmail.com
Rosanne,George,rosanne.george@yahoo.com
Ashlie,Parrish,ashlie.parrish@hotmail.com
Alissa,Craft,alissa.craft@hotmail.com
Letty,Cobb,letty.cobb@msn.com
Nathaniel,Richard,nathaniel.richard@gmail.com
Elaina,Key,elaina.key@msn.com
Stefani,Gamble,stefani.gamble@aol.com
Bettyann,Acosta,bettyann.acosta@gmail.com
Crysta,Velez,crysta.velez@yahoo.com
Carisa,Carpenter,carisa.carpenter@hotmail.com
Jule,Davenport,jule.davenport@aol.com
Lonna,Franks,lonna.franks@yahoo.com
Elease,Dejesus,elease.dejesus@gmail.com
Maira,Long,maira.long@msn.com
Jana,Thomas,jana.thomas@yahoo.com
Hae,Ramirez,hae.ramirez@hotmail.com
Erik,Leblanc,erik.leblanc@aol.com
Daina,Sampson,daina.sampson@msn.com
Delmar,Wise,delmar.wise@yahoo.com
Alita,Salinas,alita.salinas@hotmail.com
Elenore,William,elenore.william@msn.com
Nikita,Roy,nikita.roy@aol.com
Inocencia,Key,inocencia.key@hotmail.com
Liliana,Kerr,liliana.kerr@yahoo.com
Hortencia,O'neil,hortencia.o'neil@hotmail.com
Beryl,Bennett,beryl.bennett@aol.com
Alishia,Elliott,alishia.elliott@aol.com
Vernia,Madden,vernia.madden@aol.com
Kristel,Bullock,kristel.bullock@yahoo.com
Ruthanne,Hoover,ruthanne.hoover@aol.com
James,Robles,james.robles@aol.com
Evelin,Vargas,evelin.vargas@msn.com
Elvia,Cardenas,elvia.cardenas@hotmail.com
Randee,Pitts,randee.pitts@msn.com
Lea,Irwin,lea.irwin@gmail.com
Bryce,Monroe,bryce.monroe@aol.com
Katina,Mcintosh,katina.mcintosh@yahoo.com
Guillermo,Hart,guillermo.hart@hotmail.com
Joann,Barber,joann.barber@gmail.com
Thurman,Ellis,thurman.ellis@gmail.com
Delana,Wagner,delana.wagner@aol.com
Porter,Bass,porter.bass@hotmail.com
Yvonne,Bean,yvonne.bean@yahoo.com
Lurline,Rivers,lurline.rivers@msn.com
Ocie,Slater,ocie.slater@msn.com
Genevie,Miles,genevie.miles@aol.com
Sherilyn,Wilcox,sherilyn.wilcox@gmail.com
Aida,Koch,aida.koch@gmail.com
Emory,O'connor,emory.o'connor@gmail.com
Maximina,Hutchinson,maximina.hutchinson@hotmail.com
Marina,Hinton,marina.hinton@yahoo.com
Danyell,Dickerson,danyell.dickerson@msn.com
Davis,Long,davis.long@msn.com
Lynn,Mcmahon,lynn.mcmahon@msn.com
Tonja,Henderson,tonja.henderson@aol.com
Krissy,Ochoa,krissy.ochoa@msn.com
Angella,Bridges,angella.bridges@yahoo.com
Angele,Castro,angele.castro@yahoo.com
Siobhan,Lang,siobhan.lang@gmail.com
Venessa,Frost,venessa.frost@msn.com
Verna,Solis,verna.solis@yahoo.com
Steve,Bender,steve.bender@gmail.com
Aileen,Marquez,aileen.marquez@msn.com
Kattie,Stevenson,kattie.stevenson@aol.com
Hassan,Nash,hassan.nash@yahoo.com
Delfina,Gilliam,delfina.gilliam@hotmail.com
Venus,Hewitt,venus.hewitt@msn.com
Stephen,Vega,stephen.vega@msn.com
Ciera,Koch,ciera.koch@gmail.com
Christel,Barber,christel.barber@hotmail.com
Arline,Lawson,arline.lawson@gmail.com
Iva,Wilcox,iva.wilcox@aol.com
Maple,Griffin,maple.griffin@gmail.com
Anisha,Lang,anisha.lang@aol.com
Brent,Calderon,brent.calderon@aol.com
Margit,Osborn,margit.osborn@yahoo.com
Novella,Patel,novella.patel@gmail.com
Laurette,Hebert,laurette.hebert@msn.com
Jonna,Brown,jonna.brown@aol.com
Jennell,Solis,jennell.solis@hotmail.com
Ruth,Horton,ruth.horton@gmail.com
Samual,Warner,samual.warner@gmail.com
Damian,Mills,damian.mills@yahoo.com
Margaretta,Clayton,margaretta.clayton@yahoo.com
Marcell,Barrett,marcell.barrett@gmail.com
Annis,Sanchez,annis.sanchez@aol.com
Ayanna,Cherry,ayanna.cherry@yahoo.com
Barton,Cox,barton.cox@yahoo.com
Diana,Reyes,diana.reyes@msn.com
Ingeborg,Ellison,ingeborg.ellison@yahoo.com
Carter,Booth,carter.booth@msn.com
Christel,Cardenas,christel.cardenas@aol.com
Orval,Hunter,orval.hunter@aol.com
Marguerite,Berger,marguerite.berger@aol.com
Ivette,Warren,ivette.warren@gmail.com
Milagros,Weber,milagros.weber@hotmail.com
Marcel,Lindsay,marcel.lindsay@hotmail.com
Louis,Powell,louis.powell@aol.com
Vanda,Holmes,vanda.holmes@aol.com
Loreen,Byers,loreen.byers@yahoo.com
Casimira,Chapman,casimira.chapman@yahoo.com
Brigida,Larson,brigida.larson@hotmail.com
Chere,Alston,chere.alston@gmail.com
Giovanna,Jefferson,giovanna.jefferson@gmail.com
Demarcus,Reese,demarcus.reese@gmail.com
Amina,Salazar,amina.salazar@aol.com
Serafina,Clemons,serafina.clemons@gmail.com
Trinidad,Mcclain,trinidad.mcclain@msn.com
Heather,Chaney,heather.chaney@yahoo.com
Latoya,Johns,latoya.johns@hotmail.com
Shiloh,Reeves,shiloh.reeves@msn.com
Lee,Roman,lee.roman@gmail.com
Cami,Williamson,cami.williamson@hotmail.com
Sharell,Ross,sharell.ross@msn.com
Jerald,Blackwell,jerald.blackwell@hotmail.com
Ruthanne,Franco,ruthanne.franco@yahoo.com
Marjory,Leonard,marjory.leonard@msn.com
Jimmy,Russell,jimmy.russell@hotmail.com
Berneice,Pollard,berneice.pollard@hotmail.com
Deangelo,Cooley,deangelo.cooley@aol.com
Katia,Henry,katia.henry@msn.com
Sebrina,Gross,sebrina.gross@yahoo.com
Josephine,Dale,josephine.dale@aol.com
Alma,Peck,alma.peck@aol.com
Ling,Newman,ling.newman@msn.com
Nichelle,Rosario,nichelle.rosario@hotmail.com
Shenna,Benton,shenna.benton@msn.com
Philip,Bryan,philip.bryan@hotmail.com
Carita,Salinas,carita.salinas@yahoo.com
Janie,Herrera,janie.herrera@gmail.com
Lorraine,Marks,lorraine.marks@msn.com
Nicolas,Carlson,nicolas.carlson@yahoo.com
Hye,Mercer,hye.mercer@gmail.com
Adena,Blake,adena.blake@hotmail.com
Coleman,Boyd,coleman.boyd@yahoo.com
Daphine,Willis,daphine.willis@msn.com
Jenine,Dawson,jenine.dawson@msn.com
Shanita,Wiley,shanita.wiley@yahoo.com
Shanna,Bonner,shanna.bonner@msn.com
Ping,Quinn,ping.quinn@gmail.com
Saran,Moses,saran.moses@yahoo.com
Tonja,Bean,tonja.bean@aol.com
Vernon,Knowles,vernon.knowles@yahoo.com
Jeannette,Skinner,jeannette.skinner@yahoo.com
Rico,Salas,rico.salas@msn.com
Tangela,Hurley,tangela.hurley@msn.com
Randee,Lester,randee.lester@gmail.com
Ashanti,Hammond,ashanti.hammond@msn.com
Garry,Juarez,garry.juarez@hotmail.com
Bee,Baker,bee.baker@aol.com
Shantae,Hammond,shantae.hammond@hotmail.com
Bettye,Espinoza,bettye.espinoza@yahoo.com
Larissa,Hays,larissa.hays@aol.com
Diane,Jones,diane.jones@gmail.com
Zenia,Bruce,zenia.bruce@aol.com
Pasquale,Hogan,pasquale.hogan@aol.com
Dane,Mcdaniel,dane.mcdaniel@hotmail.com
Jamaal,Baker,jamaal.baker@hotmail.com
Ji,Burt,ji.burt@hotmail.com
Marcelino,Mcbride,marcelino.mcbride@hotmail.com
Rozella,Fitzgerald,rozella.fitzgerald@yahoo.com
Tonisha,Fowler,tonisha.fowler@msn.com
Zora,Ford,zora.ford@gmail.com
Parthenia,Figueroa,parthenia.figueroa@msn.com
Arielle,Levine,arielle.levine@yahoo.com
Hildegarde,Christensen,hildegarde.christensen@hotmail.com
Rebbecca,Espinoza,rebbecca.espinoza@hotmail.com
Conchita,Boone,conchita.boone@gmail.com
Aisha,Woods,aisha.woods@gmail.com
Season,Harvey,season.harvey@yahoo.com
Tommie,Cooley,tommie.cooley@yahoo.com
Alanna,Barry,alanna.barry@yahoo.com
Jerri,Guthrie,jerri.guthrie@msn.com
Tammy,Austin,tammy.austin@yahoo.com
Patsy,Russo,patsy.russo@gmail.com
Desiree,Branch,desiree.branch@msn.com
Raeann,Duncan,raeann.duncan@aol.com
Lillia,Gillespie,lillia.gillespie@hotmail.com
Doris,Kaufman,doris.kaufman@gmail.com
Rodolfo,Buck,rodolfo.buck@gmail.com
Olimpia,Mays,olimpia.mays@aol.com
Shemeka,Lyons,shemeka.lyons@msn.com
Maryalice,Henry,maryalice.henry@msn.com
Leeanne,Cross,leeanne.cross@yahoo.com
Lanelle,Guerra,lanelle.guerra@yahoo.com
Dann,Huff,dann.huff@gmail.com
Sherise,Mercer,sherise.mercer@gmail.com
Heather,Perry,heather.perry@gmail.com
Theresia,Barron,theresia.barron@aol.com
Cindi,Ellis,cindi.ellis@yahoo.com
Mirella,Duffy,mirella.duffy@yahoo.com
Carson,Macias,carson.macias@gmail.com
Divina,Madden,divina.madden@gmail.com
Cher,Alston,cher.alston@msn.com
Regine,Odom,regine.odom@msn.com
Adam,Thornton,adam.thornton@hotmail.com
Cori,Schwartz,cori.schwartz@msn.com
Willow,Gardner,willow.gardner@gmail.com
Jane,Henderson,jane.henderson@hotmail.com
Chere,Mcfadden,chere.mcfadden@yahoo.com
Ira,Erickson,ira.erickson@aol.com
Risa,Gallagher,risa.gallagher@yahoo.com
Lavinia,Cotton,lavinia.cotton@yahoo.com
Alejandrina,Hodges,alejandrina.hodges@msn.com
Keitha,Black,keitha.black@yahoo.com
Corene,Swanson,corene.swanson@aol.com
Tonda,Webb,tonda.webb@yahoo.com
Collen,Dennis,collen.dennis@gmail.com
Treasa,Dickerson,treasa.dickerson@hotmail.com
Jewell,Reyes,jewell.reyes@hotmail.com
Penny,Acevedo,penny.acevedo@yahoo.com
Louise,Flowers,louise.flowers@yahoo.com
Henrietta,Wagner,henrietta.wagner@hotmail.com
Ardelia,Cooley,ardelia.cooley@aol.com
Khalilah,Robertson,khalilah.robertson@aol.com
Armando,Black,armando.black@gmail.com
Jerri,Henry,jerri.henry@msn.com
Lynda,Newman,lynda.newman@msn.com
Bao,Wade,bao.wade@gmail.com
Gussie,Harding,gussie.harding@gmail.com
Shirely,Cantrell,shirely.cantrell@aol.com
Caroline,Jenkins,caroline.jenkins@msn.com
Hollis,Rasmussen,hollis.rasmussen@yahoo.com
Kendra,Harrington,kendra.harrington@yahoo.com
Douglass,Blankenship,douglass.blankenship@hotmail.com
Lina,Meadows,lina.meadows@aol.com
Patria,Harper,patria.harper@msn.com
Jeffrey,Hill,jeffrey.hill@gmail.com
Ja,Dillard,ja.dillard@yahoo.com
Tora,Dunlap,tora.dunlap@hotmail.com
Karole,Alvarez,karole.alvarez@gmail.com
Shasta,Combs,shasta.combs@yahoo.com
Cicely,Deleon,cicely.deleon@yahoo.com
Raphael,O'neil,raphael.o'neil@aol.com
Hubert,Reilly,hubert.reilly@hotmail.com
Caleb,England,caleb.england@gmail.com
Elmira,Levy,elmira.levy@gmail.com
Waldo,Hart,waldo.hart@yahoo.com
Bea,Kane,bea.kane@aol.com
Gilberto,Sanders,gilberto.sanders@hotmail.com
Benny,Bender,benny.bender@aol.com
Desmond,Rose,desmond.rose@hotmail.com
Parthenia,Holman,parthenia.holman@gmail.com
Dung,King,dung.king@aol.com
Sherril,Alvarado,sherril.alvarado@hotmail.com
Alisia,Albert,alisia.albert@gmail.com
Kallie,Best,kallie.best@aol.com
Dottie,Roberts,dottie.roberts@aol.com
Hubert,Stone,hubert.stone@hotmail.com
Gabriella,Jones,gabriella.jones@hotmail.com
Penney,Hall,penney.hall@msn.com
Mallie,Osborn,mallie.osborn@gmail.com
Britteny,Schroeder,britteny.schroeder@aol.com
Sommer,Hopkins,sommer.hopkins@gmail.com
Jewel,Sparks,jewel.sparks@aol.com
Deandrea,Vega,deandrea.vega@gmail.com
Charlsie,Carson,charlsie.carson@hotmail.com
Kandace,Ayers,kandace.ayers@gmail.com
Lenore,Valdez,lenore.valdez@msn.com
Drucilla,Gilliam,drucilla.gilliam@hotmail.com
Keturah,Reid,keturah.reid@yahoo.com
Herminia,Reyes,herminia.reyes@gmail.com
Tuyet,Rosa,tuyet.rosa@aol.com
Ara,Vazquez,ara.vazquez@msn.com
Barry,Albert,barry.albert@gmail.com
Verdell,Joyner,verdell.joyner@aol.com
Han,Wade,han.wade@hotmail.com
Anton,Barton,anton.barton@msn.com
Vito,Pickett,vito.pickett@hotmail.com
Charlene,Norris,charlene.norris@msn.com
Efren,Whitfield,efren.whitfield@gmail.com
Santa,Larson,santa.larson@gmail.com
Carmelina,Sellers,carmelina.sellers@hotmail.com
Carmela,Hays,carmela.hays@aol.com
Patrina,Tanner,patrina.tanner@gmail.com
Rikki,Morrow,rikki.morrow@hotmail.com
Junita,Reese,junita.reese@gmail.com
Ryan,Carter,ryan.carter@yahoo.com
Almeta,Benjamin,almeta.benjamin@aol.com
Beatris,Joyner,beatris.joyner@gmail.com
Mechelle,Chan,mechelle.chan@gmail.com
Earlean,Pena,earlean.pena@yahoo.com
Katherin,Clark,katherin.clark@yahoo.com
Chanel,May,chanel.may@msn.com
Aaron,Knapp,aaron.knapp@yahoo.com
Sindy,Anderson,sindy.anderson@gmail.com
Sheree,Blanchard,sheree.blanchard@gmail.com
Charlesetta,Soto,charlesetta.soto@yahoo.com
Wendie,Nash,wendie.nash@hotmail.com
Vernetta,Banks,vernetta.banks@aol.com
Myrtle,Gardner,myrtle.gardner@aol.com
Agustina,Lawrence,agustina.lawrence@yahoo.com
Trinidad,Chapman,trinidad.chapman@aol.com
Kim,Clark,kim.clark@msn.com
Annabelle,Hebert,annabelle.hebert@aol.com
Corine,Stuart,corine.stuart@msn.com
Kiesha,Bond,kiesha.bond@aol.com
Kenyetta,Mason,kenyetta.mason@msn.com
Marcene,Curtis,marcene.curtis@msn.com
Sheila,Goodman,sheila.goodman@msn.com
Romeo,Steele,romeo.steele@msn.com
Tam,Fisher,tam.fisher@aol.com
Gena,Owens,gena.owens@gmail.com
Phebe,Soto,phebe.soto@hotmail.com
Leticia,Snyder,leticia.snyder@yahoo.com
Chantell,Bridges,chantell.bridges@yahoo.com
Ileana,Holt,ileana.holt@msn.com
Nakisha,Clay,nakisha.clay@gmail.com
Cheryll,Snyder,cheryll.snyder@yahoo.com
Consuela,Collier,consuela.collier@msn.com
Aubrey,Durham,aubrey.durham@aol.com
Nita,Guy,nita.guy@hotmail.com
Carmina,Emerson,carmina.emerson@hotmail.com
Georgeann,Rojas,georgeann.rojas@msn.com
Leslie,Higgins,leslie.higgins@hotmail.com
Emmaline,Huber,emmaline.huber@gmail.com
Mercy,Brown,mercy.brown@msn.com
Jenell,Crosby,jenell.crosby@hotmail.com
Leila,Barr,leila.barr@yahoo.com
Deandrea,Cox,deandrea.cox@msn.com
Shawnna,Frank,shawnna.frank@hotmail.com
Brenton,Whitaker,brenton.whitaker@gmail.com
Jaqueline,Cummings,jaqueline.cummings@hotmail.com
Yang,Giles,yang.giles@gmail.com
Brigid,Sharp,brigid.sharp@hotmail.com
Karl,Stephens,karl.stephens@gmail.com
Elvina,Gates,elvina.gates@hotmail.com
Carlie,Terrell,carlie.terrell@yahoo.com
Donovan,Cantrell,donovan.cantrell@msn.com
Alden,Atkinson,alden.atkinson@gmail.com
Carissa,Cross,carissa.cross@yahoo.com
Joy,Underwood,joy.underwood@gmail.com
Geraldine,O'donnell,geraldine.o'donnell@hotmail.com
Bronwyn,Vargas,bronwyn.vargas@msn.com
Abram,Copeland,abram.copeland@gmail.com
Mellisa,Griffin,mellisa.griffin@msn.com
Qiana,Jackson,qiana.jackson@gmail.com
Magali,Dixon,magali.dixon@msn.com
Zulema,Clemons,zulema.clemons@aol.com
Carina,Lynch,carina.lynch@gmail.com
Jesus,Burch,jesus.burch@hotmail.com
Selene,Vega,selene.vega@gmail.com
Jong,Guthrie,jong.guthrie@hotmail.com
Lise,Hebert,lise.hebert@gmail.com
Joshua,Berg,joshua.berg@hotmail.com
Georgina,Gonzales,georgina.gonzales@yahoo.com
Rudolph,Velez,rudolph.velez@yahoo.com
Luke,Kramer,luke.kramer@hotmail.com
Edgar,Quinn,edgar.quinn@aol.com
Tara,Maynard,tara.maynard@hotmail.com
Bella,Perez,bella.perez@msn.com
Nathaniel,Davidson,nathaniel.davidson@hotmail.com
Chauncey,Donaldson,chauncey.donaldson@aol.com
Heide,Reed,heide.reed@yahoo.com
Trang,Hardin,trang.hardin@yahoo.com
Gabriela,Warren,gabriela.warren@aol.com
Dale,Rasmussen,dale.rasmussen@aol.com
Tammie,Cherry,tammie.cherry@hotmail.com
Bethany,Herring,bethany.herring@yahoo.com
Barbra,Dickerson,barbra.dickerson@gmail.com
Neoma,Daugherty,neoma.daugherty@gmail.com
Nanette,Roman,nanette.roman@yahoo.com
Adriene,Rollins,adriene.rollins@msn.com
Susannah,Fields,susannah.fields@hotmail.com
Dung,Reid,dung.reid@msn.com
Ben,Stone,ben.stone@gmail.com
Nubia,Anderson,nubia.anderson@aol.com
Rosamaria,Meyer,rosamaria.meyer@yahoo.com
Todd,Waters,todd.waters@yahoo.com
Kimbery,Nieves,kimbery.nieves@msn.com
Phuong,Wolf,phuong.wolf@yahoo.com
Adelaida,Hancock,adelaida.hancock@aol.com
Brianne,Hays,brianne.hays@gmail.com
Rufina,Chandler,rufina.chandler@aol.com
Devin,Velazquez,devin.velazquez@aol.com
Bonita,Marshall,bonita.marshall@msn.com
Myrl,Gay,myrl.gay@hotmail.com
Earline,Gordon,earline.gordon@gmail.com
Sung,Chambers,sung.chambers@gmail.com
Gustavo,Gamble,gustavo.gamble@msn.com
Ciera,Webb,ciera.webb@yahoo.com
Roy,Chan,roy.chan@hotmail.com
Houston,Vasquez,houston.vasquez@msn.com
Cheree,Hale,cheree.hale@yahoo.com
Odette,Moses,odette.moses@gmail.com
Lenita,Bonner,lenita.bonner@aol.com
Shona,Mcmillan,shona.mcmillan@msn.com
Piedad,Irwin,piedad.irwin@hotmail.com
Loan,Graham,loan.graham@yahoo.com
Stan,Saunders,stan.saunders@yahoo.com
Jackeline,Colon,jackeline.colon@msn.com
Marlen,Dawson,marlen.dawson@msn.com
Alexis,Mack,alexis.mack@aol.com
Mica,Barry,mica.barry@yahoo.com
Shanice,Spears,shanice.spears@msn.com
Garth,Huff,garth.huff@yahoo.com
Dione,Pratt,dione.pratt@msn.com
Victor,Pittman,victor.pittman@aol.com
Allie,Conley,allie.conley@msn.com
Shanelle,Anderson,shanelle.anderson@yahoo.com
Minnie,Compton,minnie.compton@gmail.com
Shiloh,Bates,shiloh.bates@msn.com
Lakenya,Oliver,lakenya.oliver@yahoo.com
Sally,Kinney,sally.kinney@msn.com
Edith,Davenport,edith.davenport@gmail.com
Alline,Beasley,alline.beasley@yahoo.com
Travis,Whitley,travis.whitley@aol.com
Vanessa,West,vanessa.west@gmail.com
Trudy,Riddle,trudy.riddle@aol.com
Shauna,Edwards,shauna.edwards@msn.com
Clorinda,Donovan,clorinda.donovan@msn.com
Raven,Curtis,raven.curtis@aol.com
Verda,Gilbert,verda.gilbert@gmail.com
Renay,Atkins,renay.atkins@aol.com
Tama,Berg,tama.berg@hotmail.com
Dalia,Carson,dalia.carson@aol.com
America,Swanson,america.swanson@msn.com
Cinda,Rocha,cinda.rocha@hotmail.com
Shea,Howell,shea.howell@msn.com
Kimberli,Cline,kimberli.cline@yahoo.com
Emanuel,Mckee,emanuel.mckee@yahoo.com
Whitley,Cannon,whitley.cannon@msn.com
Tereasa,Bird,tereasa.bird@aol.com
Dante,Grimes,dante.grimes@yahoo.com
Joeann,Garrison,joeann.garrison@yahoo.com
Omega,Johnston,omega.johnston@gmail.com
Conrad,Mueller,conrad.mueller@yahoo.com
Glady,Wells,glady.wells@gmail.com
Tisha,Petty,tisha.petty@msn.com
Claris,Santiago,claris.santiago@msn.com
Obdulia,Barber,obdulia.barber@gmail.com
Shantel,Gregory,shantel.gregory@yahoo.com
Ai,Forbes,ai.forbes@yahoo.com
Ebony,Cotton,ebony.cotton@yahoo.com
Arla,Ellis,arla.ellis@yahoo.com
Magdalena,Sherman,magdalena.sherman@gmail.com
Tarra,Guerrero,tarra.guerrero@aol.com
Consuela,Romero,consuela.romero@hotmail.com
Cindie,Franklin,cindie.franklin@yahoo.com
Sharyn,Brewer,sharyn.brewer@aol.com
Karren,Stevenson,karren.stevenson@aol.com
Divina,Reeves,divina.reeves@hotmail.com
Novella,Ross,novella.ross@gmail.com
Omega,Huff,omega.huff@aol.com
Ashleigh,Finch,ashleigh.finch@yahoo.com
Corina,Lynch,corina.lynch@msn.com
Joe,Melton,joe.melton@gmail.com
Bernetta,Summers,bernetta.summers@aol.com
Inez,Snider,inez.snider@gmail.com
Neida,King,neida.king@aol.com
Tona,Velasquez,tona.velasquez@msn.com
Rozanne,Reyes,rozanne.reyes@aol.com
Lekisha,Pope,lekisha.pope@msn.com
Jama,Rodriquez,jama.rodriquez@msn.com
Eloisa,Tucker,eloisa.tucker@hotmail.com
Arie,Hunter,arie.hunter@msn.com
Sanora,Webster,sanora.webster@msn.com
Kate,Barber,kate.barber@hotmail.com
Yvone,Guerrero,yvone.guerrero@aol.com
Kami,Rios,kami.rios@yahoo.com
Annett,Rush,annett.rush@hotmail.com
Carman,Hardy,carman.hardy@yahoo.com
Dorothea,Miranda,dorothea.miranda@aol.com
Agatha,Daniels,agatha.daniels@yahoo.com
Alexandria,Zamora,alexandria.zamora@yahoo.com
Thad,Gilliam,thad.gilliam@hotmail.com
Inger,Jennings,inger.jennings@yahoo.com
Karren,Lamb,karren.lamb@aol.com
Noble,Glover,noble.glover@gmail.com
Octavia,Donaldson,octavia.donaldson@hotmail.com
Latashia,Travis,latashia.travis@yahoo.com
Destiny,Goodman,destiny.goodman@msn.com
Christiana,Gross,christiana.gross@yahoo.com
Nestor,Haynes,nestor.haynes@msn.com
Grisel,Maynard,grisel.maynard@msn.com
Shenna,Espinoza,shenna.espinoza@gmail.com
Trena,Rogers,trena.rogers@aol.com
Lucile,Manning,lucile.manning@yahoo.com
Veronique,Fulton,veronique.fulton@yahoo.com
Starr,Schneider,starr.schneider@aol.com
Rona,Rojas,rona.rojas@gmail.com
Pandora,Estes,pandora.estes@aol.com
Renna,Williams,renna.williams@hotmail.com
Lanora,Robbins,lanora.robbins@hotmail.com
Juliane,Dillard,juliane.dillard@aol.com
Carlena,Salinas,carlena.salinas@gmail.com
Kimberley,Reynolds,kimberley.reynolds@aol.com
Johana,Jacobson,johana.jacobson@gmail.com
Enoch,Rosario,enoch.rosario@hotmail.com
Dorine,Thornton,dorine.thornton@gmail.com
Eliz,Lynch,eliz.lynch@hotmail.com
Mercedez,Brooks,mercedez.brooks@hotmail.com
Wynona,Douglas,wynona.douglas@msn.com
Desire,Mcgowan,desire.mcgowan@msn.com
Elmo,Sweeney,elmo.sweeney@yahoo.com
Kenton,Hughes,kenton.hughes@gmail.com
Cesar,Wilkins,cesar.wilkins@hotmail.com
Phylicia,Stout,phylicia.stout@aol.com
Nanette,Harris,nanette.harris@hotmail.com
Ulrike,Chan,ulrike.chan@aol.com
Genoveva,Lloyd,genoveva.lloyd@aol.com
Sheryl,Chase,sheryl.chase@gmail.com
Trista,Lambert,trista.lambert@gmail.com
Vivian,Deleon,vivian.deleon@msn.com
Genny,Fields,genny.fields@msn.com
Eliseo,Knight,eliseo.knight@msn.com
Delma,Bailey,delma.bailey@gmail.com
Dewayne,Herring,dewayne.herring@aol.com
Nevada,Hood,nevada.hood@aol.com
Angelika,Perry,angelika.perry@msn.com
Shayla,Hart,shayla.hart@msn.com
Willetta,Murphy,willetta.murphy@msn.com
Sandee,Alvarado,sandee.alvarado@aol.com
Mila,Moody,mila.moody@gmail.com
Loyce,Conway,loyce.conway@aol.com
Thanh,Figueroa,thanh.figueroa@yahoo.com
Farrah,Orr,farrah.orr@msn.com
Hugh,Craft,hugh.craft@msn.com
Eleanor,Mendez,eleanor.mendez@yahoo.com
Lamar,Bush,lamar.bush@msn.com
Lurlene,Finch,lurlene.finch@msn.com
Shanda,Stevenson,shanda.stevenson@yahoo.com
Adrien,Hunter,adrien.hunter@yahoo.com
Ophelia,Decker,ophelia.decker@yahoo.com
Sonja,Walls,sonja.walls@aol.com
Harold,O'connor,harold.o'connor@gmail.com
Miranda,Kennedy,miranda.kennedy@gmail.com
Jasper,Castro,jasper.castro@aol.com
Penni,Best,penni.best@msn.com
Lurlene,Cotton,lurlene.cotton@yahoo.com
Kelsey,Noble,kelsey.noble@hotmail.com
Edris,Barrett,edris.barrett@hotmail.com
Tempie,Jacobson,tempie.jacobson@hotmail.com
Dollie,Cervantes,dollie.cervantes@aol.com
Lashunda,Cole,lashunda.cole@hotmail.com
Justina,Jenkins,justina.jenkins@msn.com
Londa,Gould,londa.gould@aol.com
Mikel,Wilkerson,mikel.wilkerson@msn.com
Carola,Johns,carola.johns@msn.com
Lorrie,Justice,lorrie.justice@gmail.com
Tayna,Wade,tayna.wade@hotmail.com
Mark,Benton,mark.benton@aol.com
Zona,Cameron,zona.cameron@aol.com
Nicola,Knight,nicola.knight@aol.com
Elana,Miles,elana.miles@yahoo.com
Merrie,Fowler,merrie.fowler@aol.com
Macie,Ayers,macie.ayers@msn.com
Son,Warner,son.warner@hotmail.com
Lee,Dunn,lee.dunn@aol.com
Florrie,Little,florrie.little@yahoo.com
Ernest,Rollins,ernest.rollins@yahoo.com
Jamaal,Morrison,jamaal.morrison@msn.com
Cassie,Cline,cassie.cline@gmail.com
Lezlie,Lamb,lezlie.lamb@gmail.com
Ivette,Estes,ivette.estes@gmail.com
Ester,Acevedo,ester.acevedo@gmail.com
