customer_id,first_name,last_name
1,Debra,Burks
2,Kasha,Todd
3,Tameka,Fisher
4,Daryl,Spence
5,Charolette,Rice
6,Lyndsey,Bean
7,Latasha,Hays
9,Genoveva,Baldwin
10,Pamelia,Newman
11,Deshawn,Mendoza
12,Robby,Sykes
13,Lashawn,Ortiz
14,Garry,Espinoza
15,Linnie,Branch
16,Emmitt,Sanchez
17,Caren,Stephens
18,Georgetta,Hardin
19,Lizzette,Stein
20,Aleta,Shepard
21,Tobie,Little
22,Adelle,Larsen
24,Corene,Wall
25,Regenia,Vaughan
26,Theo,Reese
27,Santos,Valencia
28,Jeanice,Frost
29,Syreeta,Hendricks
30,Jamaal,Albert
31,Williemae,Holloway
32,Araceli,Golden
33,Deloris,Burke
34,Brittney,Woodward
35,Guillermina,Noble
36,Bernita,Mcdaniel
37,Melia,Brady
38,Zelma,Browning
39,Janetta,Aguirre
40,Ronna,Butler
41,Kathie,Freeman
42,Tangela,Quinn
43,Mozelle,Carter
44,Onita,Johns
45,Bennett,Armstrong
46,Monika,Berg
47,Bridgette,Guerra
48,Cesar,Jackson
50,Cleotilde,Booth
51,Gertrud,Rhodes
52,Tu,Ramirez
53,Saturnina,Garner
54,Fran,Yang
55,Diana,Guerra
56,Lolita,Mosley
57,Pamala,Henry
58,Damien,Dorsey
59,Latasha,Stanley
60,Neil,Mccall
61,Elinore,Aguilar
62,Alica,Hunter
63,Tenisha,Lyons
64,Bobbie,Foster
65,Kanesha,Vega
66,Lorrie,Becker
67,Tommie,Melton
68,Jayne,Kirkland
69,Katelin,Kennedy
70,Tomasa,Carson
72,Petronila,Norris
73,Melanie,Hayes
75,Abby,Gamble
76,Parker,Prince
77,Keri,Bridges
78,Chi,Goff
79,Ashanti,Parks
80,Sarai,Mckee
81,Zina,Bonner
82,Lizzie,Joyner
83,Tiesha,Daniel
84,Armand,Whitehead
85,Teofila,Fischer
86,Lissa,Vargas
87,Yan,Mcgowan
88,Titus,Bullock
89,Arvilla,Osborn
90,Marjorie,Logan
91,Marvin,Mullins
92,Tena,Cruz
93,Corrina,Sawyer
94,Sharyn,Hopkins
95,Letitia,Franco
96,Floretta,Higgins
97,Louanne,Martin
98,Violet,Valenzuela
99,Carie,Kidd
101,Nichelle,Howell
102,Marisol,Goodman
103,Sylvie,Wilkerson
104,Katharina,Bates
105,Marget,Hodge
106,Raul,Melendez
107,Cecil,Hopper
108,Shae,Hickman
109,Monica,Sears
110,Ollie,Zimmerman
112,Yuk,Vega
113,Eliana,Silva
114,Thalia,Horne
115,Rey,Lindsay
116,Merlene,Vinson
118,Le,Wood
119,Thalia,Dillard
120,Luz,House
122,Shena,Carter
123,Robena,Hill
124,Jeni,Booker
125,Herlinda,Stone
126,Lavina,Dejesus
128,Terrance,Lynn
129,Walton,Dejesus
131,Tanesha,Hampton
132,Boyd,Irwin
133,Delbert,Wilkins
134,Brianna,Moss
135,Dorthey,Jackson
136,Sarita,Parks
138,Jone,Bernard
139,Wanita,Davenport
140,Cleopatra,Tate
143,Janae,Doyle
145,Miquel,Neal
146,Stefany,Potter
150,Weldon,Michael
151,Joesph,Delacruz
152,Katherina,Odom
153,Laraine,Robbins
155,Lory,Page
156,Charlyn,Cantrell
157,Carola,Rodriquez
158,Alane,Kennedy
159,Regina,Burns
161,Crystle,Gilliam
162,Kam,Wilder
163,Margert,Stevens
165,Jeromy,Burch
167,Loreta,Johnston
168,Nettie,Mcdaniel
169,Karla,Kirk
170,Regine,Gonzales
171,Miriam,Baker
172,Jeanie,Kirkland
173,Marquerite,Dawson
175,Nova,Hess
176,Carley,Reynolds
178,Genoveva,Tyler
179,Deane,Sears
181,Olevia,Pitts
182,Jenniffer,Bullock
184,Klara,Stanley
185,Morton,Lee
186,Ken,Charles
187,Hedwig,Paul
188,Sharla,Flynn
189,Damian,Dawson
190,Toya,Pratt
191,Graciela,Barber
192,Bong,Hebert
193,Ayanna,Rhodes
194,Dorine,Roberson
195,Addie,Hahn
196,Edythe,Valencia
197,Andy,O'neill
198,Luis,Tyler
199,Clelia,Workman
201,Candis,Harding
202,Marni,Bolton
203,Minerva,Decker
204,Alpha,King
205,Harris,Pittman
207,Michel,Blankenship
208,Denis,Logan
211,Gilma,Dejesus
212,Buford,Bridges
213,Elenore,Hensley
214,Ross,Pugh
215,Judith,Finley
216,Wai,Soto
217,Carline,Collier
218,Casey,Gill
220,Lucio,Sherman
222,Anya,Contreras
223,Scarlet,Yates
224,Moses,Pope
225,Barbera,Riggs
226,Kiana,Rivera
227,Danielle,Bond
230,Chelsey,Hardin
231,Jenee,Rasmussen
234,Winfred,Harris
235,Jeromy,Elliott
236,Verona,O'neill
238,Cindi,Larson
239,Felice,Guzman
240,Le,Deleon
241,Manie,Sanchez
242,Rutha,Howell
243,Natosha,Rowland
244,Jessika,Bray
245,Delila,Hamilton
246,Dionne,Norris
247,Muriel,Juarez
248,Cecelia,Gill
250,Ivonne,Yang
251,Kasie,Rodriquez
252,Eleni,Gordon
254,Cristobal,Hutchinson
255,Flossie,Holder
256,Erma,Salinas
257,Earl,Stanley
259,Johnathan,Velazquez
260,Rodrick,Shelton
261,Ferne,Kline
262,Rubin,Decker
263,Dortha,Jarvis
264,Mariela,Huffman
265,Mellisa,Farley
266,Myung,Hooper
267,Angelina,Lloyd
268,Trinity,Riddle
269,Barton,Crosby
270,Claudio,Wise
272,Deja,Chaney
273,Queenie,Vance
274,Josh,Shaw
275,Pinkie,Kirkland
276,Lavette,Wright
277,Mark,Garrett
279,Justina,Long
280,Brenda,Tate
282,Randolph,Chase
283,Jaimee,Day
284,Susann,Bass
287,Mireille,Puckett
288,Keturah,Massey
289,Charmain,Webster
290,Barry,Buckner
291,Boyce,Burks
292,Monty,Frost
293,Tiny,French
294,Clementina,Sargent
295,Danny,Kim
296,Sophia,Mcmillan
297,Christia,Carson
298,Jennie,Middleton
299,Jame,Riggs
301,Annett,Garrett
302,Hayden,Cross
303,Rolanda,Larsen
306,Vikki,Erickson
307,Fransisca,Nicholson
308,Mazie,Fernandez
309,Anderson,Martin
310,Gilberto,Parsons
313,Melani,Jarvis
314,Javier,Nichols
315,Justina,Jenkins
316,Hortencia,Graham
317,Christia,Wilkins
318,Eliz,Whitney
319,Justin,Newton
320,Aron,Wiggins
321,Chere,Hardin
322,Merideth,Preston
324,Laureen,Paul
326,Shiela,Calderon
327,Sharie,Alvarez
328,Bettie,Glover
330,Sheba,Knapp
331,Aleta,Mack
332,Reena,Higgins
334,Somer,Jordan
335,Scarlet,Reed
336,Trisha,Johnson
337,Majorie,Wyatt
339,Tamela,Harrell
343,Jesica,Fields
344,Herta,Rollins
345,Mi,Gray
348,Darren,Witt
350,Christoper,Mccall
351,Margorie,Wynn
352,Josef,Greer
353,Tisa,Whitney
354,Tonda,Armstrong
355,Arvilla,Weiss
356,Vashti,Rosario
357,Sheri,Cole
358,Kandace,Giles
359,Angie,Powers
360,Van,Peters
361,Virgina,Berg
362,Olevia,Noel
364,Bev,Chang
365,Rodger,Rojas
366,Lavonne,Anderson
367,Blanca,Hooper
372,Collene,Roman
374,Candelaria,Coffey
375,Yan,Trevino
376,Elanor,Patrick
377,Klara,Mosley
379,Mina,Carrillo
380,Alesia,Horne
382,Collin,Webster
383,Ashlee,Pena
384,Aimee,Merritt
385,Rochelle,Ward
386,Nelle,Beck
387,Kaila,Walters
389,Leif,Short
392,Cyndi,Bush
393,Gertrude,Terry
394,Virgen,Clemons
395,Fairy,Robinson
396,Laverna,Hernandez
397,Jeannie,Wilcox
399,Bart,Hess
400,Alfredo,Dodson
402,Kerrie,Morton
403,Elouise,Fry
404,Augustus,Steele
405,Greta,Page
407,Dannette,Guerrero
408,Edra,Fitzgerald
409,Jerome,Bolton
410,Conception,Slater
411,Octavia,Case
413,Ginette,Edwards
415,Gwendolyn,Miller
416,Luke,Fuller
417,Zoraida,Patton
419,Krystin,Marshall
420,Vince,Schneider
421,Iola,Rasmussen
424,Charleen,Hurst
425,Augustina,Joyner
426,Daisy,Ward
428,Hipolito,Padilla
429,Emmett,Casey
430,Kandi,Mcneil
432,Julius,Holt
433,Holly,Nieves
434,Douglass,Little
435,Izola,Hobbs
436,Honey,Camacho
437,Laureen,Barry
438,Katharine,Herrera
440,Yevette,Todd
441,Dorthea,Walker
443,Ayana,Keith
444,Caridad,Compton
447,Chasidy,Tran
449,Josie,Schultz
450,Ellsworth,Michael
453,Courtney,Wyatt
456,Serina,Hensley
458,Everett,Vega
459,Latosha,Dalton
460,Romelia,Myers
461,Effie,Jenkins
462,Efren,Oliver
463,Jerlene,Rios
464,Bess,Mcbride
465,Birdie,Kramer
467,Clare,Neal
468,Jeanett,Herman
469,Micki,Rutledge
470,Loise,Walker
472,Myron,Ruiz
473,Lashawna,Richardson
474,Lavern,Orr
478,Emmett,Hahn
479,Gertha,Mejia
480,Garland,Weaver
481,Jayson,Rutledge
484,Chelsey,Boyd
485,Catherine,Miles
486,Valeri,Marshall
487,Grace,Madden
488,Joaquin,Hawkins
489,Kirstie,Vazquez
490,Yu,Mcdonald
491,Celestine,Jacobs
492,Justa,Thompson
493,Lise,Alvarado
494,Pearl,Fox
495,Travis,Goodman
497,Ezra,Fowler
498,Edda,Young
499,Lidia,Ashley
500,Moira,Lester
502,Malinda,Baxter
503,Marlo,Jefferson
504,Tiana,Henderson
505,Wilda,Petersen
506,Irving,Pitts
509,Terra,Pickett
510,Faustino,Delacruz
511,Julienne,Moody
512,Hee,Greer
515,Reita,Dickson
516,Rosa,Kinney
517,Buford,Gilbert
519,Rudolf,Gilliam
521,Max,Charles
522,Tammera,Fischer
523,Joshua,Robertson
524,Larraine,Horn
525,Andreas,Mayer
526,Lazaro,Moran
527,Afton,Juarez
529,Ellena,Clements
530,Selene,Austin
531,Kimberely,Bowen
533,Garret,Clay
534,Alejandro,Haney
535,Inge,Olsen
536,Christiane,Bradford
537,Carter,Bentley
538,Sherie,Ayala
540,Shery,Randolph
541,Lanita,Burton
542,Timothy,Byers
543,Jasmin,Young
544,Catarina,Mendez
545,Tajuana,Rollins
546,Thad,Castro
547,Tena,Huber
548,Dori,Alvarez
550,Felicidad,Golden
551,Jenine,Crane
552,Lea,Key
553,Rory,Cooper
554,Hilde,Nieves
555,Marry,Benjamin
556,Vernell,Goff
559,Basilia,Thornton
560,Tricia,Daniels
563,Rodney,Odom
564,Bettie,Pierce
565,Dagny,Owen
566,Cinthia,Poole
567,Sheila,Travis
568,Arcelia,Vinson
569,Lucas,Estes
571,Kaley,Blanchard
573,Rubye,Mccall
574,Adriene,Rivera
575,Laurence,Christian
576,Shirely,Stanley
577,Danille,Mcfarland
578,Salena,Day
579,Matilda,Larson
581,Vonda,Berger
582,Soledad,Moses
583,Lashandra,Turner
584,Lynne,Anderson
587,Euna,Lopez
588,Cherelle,Key
590,Cyndi,Dyer
591,Danilo,Holmes
594,Deanne,Parsons
595,Frederica,Rojas
596,Emelda,Dickerson
597,Rudolf,Moran
598,Benito,Hendrix
599,Jonell,Rivas
600,Joi,Reeves
603,Genevieve,Juarez
604,Kylee,Dickson
605,Renita,Henry
606,Sarah,Kirkland
607,Paul,Lester
609,Eliana,Reese
610,Leonore,Dorsey
612,Gabriel,Wagner
614,Toshia,Cardenas
615,Jamika,Blanchard
616,Shery,Acosta
618,Skye,Pope
619,Ana,Palmer
620,Eric,Hardin
621,Basil,Ballard
624,Sharika,Colon
625,Donnetta,Henson
626,Leigh,Burke
627,Deloris,Larson
628,Ehtel,Cobb
629,Evelina,Byrd
631,Tressa,Weiss
632,Yvette,Rogers
635,Myrtie,James
636,Ashton,Lott
637,Kara,Higgins
638,Tomeka,Higgins
639,Ronald,Parsons
640,Allison,Nolan
641,Derrick,Marks
643,Melba,Wilkinson
644,Valentin,Mclaughlin
645,Lewis,Garner
646,Ann,Heath
647,Janelle,Maldonado
648,Catrice,Hicks
649,Eli,Contreras
650,Rita,Bailey
651,Laure,Pena
653,Florencio,Davenport
654,Eun,Harris
656,Romana,Barnes
657,Sam,Lester
661,Trena,Hudson
662,Loraine,Sykes
663,Alissa,Hood
664,Augustus,Schmidt
665,Stacie,Sims
666,Brittni,Green
667,Etsuko,Garrison
669,Willis,Randolph
670,Shawnda,Glover
671,Jennette,Baker
672,Elma,Molina
673,Adam,Henderson
675,Kermit,Bowman
679,Tuan,Wolfe
680,Mathilda,Pennington
681,Reatha,Perez
686,Darcel,Harmon
687,Cecilia,Camacho
689,Deirdre,Ryan
690,Yevette,Elliott
691,Ladawn,Downs
694,Lanie,Dunn
696,Norine,Huffman
698,Charleen,Joyner
699,Zella,Fernandez
700,Collene,Knox
701,Alysia,Nicholson
702,Sharie,Whitaker
705,Camille,Harvey
706,Lolita,O'neill
707,Terese,Briggs
709,Vinnie,Chan
710,Ezra,Silva
711,Jovita,Bishop
712,Kecia,Olsen
713,Ilona,Spears
715,Larae,Carney
716,Sebrina,Hart
717,Kristofer,Craig
720,Devin,Shaffer
722,Camila,Carroll
723,Vicki,Wiggins
724,Lois,Steele
726,Rochell,Cantrell
727,Kasha,Sullivan
728,Viva,Dawson
730,Andria,Rivers
732,Lavona,Austin
734,Alina,Mcleod
735,Aide,Franco
736,Genny,Hensley
738,Fannie,Jenkins
739,Bobbi,Banks
740,Gwenn,Melton
742,Evelina,Manning
743,Tania,Swanson
744,Laurel,Schultz
747,Margret,Barnett
748,Oliva,Blackwell
749,Oralia,Farley
750,Romaine,Salazar
751,Hermila,Mckay
754,Hue,May
755,Tomika,Wilder
756,Graig,Roth
757,Lamar,Greer
758,Raymonde,Garcia
759,Cira,Downs
760,Marisa,Chambers
761,Rod,Hatfield
762,Quyen,Houston
763,Han,Schneider
764,Terrell,Mathis
765,Spring,Hayes
768,Yvone,Yates
769,Agatha,Melton
770,Lavonda,Stephenson
771,Agnes,Sims
774,Nenita,Mooney
775,Kermit,Hyde
777,Ilda,Roberson
778,Corrinne,Garrison
779,Major,Merrill
780,Ouida,Gregory
782,Ricki,Bullock
783,Celestine,Kent
784,Debbra,Jacobson
787,Malisa,Mitchell
789,Tad,Gardner
790,Petronila,Gallegos
791,Yun,Nelson
793,Chantay,Maynard
794,Donette,Mccarthy
795,Mariam,Miranda
796,Rosalie,Coffey
797,Cathey,Lamb
798,Alyse,Jacobson
799,India,Barron
800,Cris,Dunn
801,Ophelia,Rodgers
802,Barrett,Sanders
803,Bernardina,Cooper
806,Reyes,Merritt
807,Nathalie,Knowles
809,Elnora,Simpson
810,Ivelisse,Nixon
813,Neville,Mcclain
814,Ghislaine,Compton
815,Leanna,Manning
816,Marshall,Johnson
819,Yahaira,Robertson
821,Cassidy,Clark
823,Tina,Bush
824,Veronika,Rollins
825,Kristel,Byrd
826,Shay,Stephenson
828,Renato,Morton
831,Lory,Berg
832,Pamala,Fowler
833,Leone,Emerson
834,Brain,Skinner
835,Roseanne,Maynard
836,Corinna,Adams
837,Kellye,Campbell
838,Erna,Sloan
839,Carolann,Russell
840,Gilbert,Calhoun
841,Manie,Maxwell
842,Giselle,Robles
843,Tessie,Farmer
844,Felica,Munoz
845,Kathyrn,Bush
846,Sylvester,Chan
848,Ernestina,Skinner
849,Phyllis,Hill
853,Brittney,Rojas
855,Lean,Stark
858,Klara,Kim
859,Julianne,Shannon
861,Olympia,Figueroa
862,Mellie,Puckett
863,Shonta,Preston
864,Lore,Sykes
865,Julia,Joyner
866,Lynwood,Jackson
867,Rosalva,Hamilton
869,Rodrigo,Durham
870,Dwain,Carlson
871,Erlinda,Humphrey
872,Silas,Tate
876,Onita,Macdonald
877,Janine,Manning
878,Melodie,Melton
879,Ethelyn,Ray
880,Phebe,Turner
882,Hilda,Harvey
883,Gilberte,Duke
885,Janna,Hayden
886,Letisha,May
887,Graig,Cannon
888,Coleen,Navarro
889,Lucilla,Williams
890,Rosanne,George
893,Letty,Cobb
894,Nathaniel,Richard
895,Elaina,Key
896,Stefani,Gamble
898,Crysta,Velez
900,Jule,Davenport
902,Elease,Dejesus
903,Maira,Long
904,Jana,Thomas
907,Daina,Sampson
908,Delmar,Wise
909,Alita,Salinas
910,Elenore,William
913,Liliana,Kerr
914,Hortencia,O'neil
915,Beryl,Bennett
916,Alishia,Elliott
919,Ruthanne,Hoover
920,James,Robles
921,Evelin,Vargas
922,Elvia,Cardenas
923,Randee,Pitts
924,Lea,Irwin
926,Katina,Mcintosh
928,Joann,Barber
929,Thurman,Ellis
930,Delana,Wagner
931,Porter,Bass
932,Yvonne,Bean
933,Lurline,Rivers
934,Ocie,Slater
935,Genevie,Miles
936,Sherilyn,Wilcox
937,Aida,Koch
938,Emory,O'connor
939,Maximina,Hutchinson
940,Marina,Hinton
941,Danyell,Dickerson
944,Tonja,Henderson
945,Krissy,Ochoa
947,Angele,Castro
948,Siobhan,Lang
949,Venessa,Frost
950,Verna,Solis
951,Steve,Bender
952,Aileen,Marquez
953,Kattie,Stevenson
954,Hassan,Nash
956,Venus,Hewitt
957,Stephen,Vega
958,Ciera,Koch
959,Christel,Barber
960,Arline,Lawson
961,Iva,Wilcox
963,Anisha,Lang
965,Margit,Osborn
966,Novella,Patel
967,Laurette,Hebert
971,Samual,Warner
972,Damian,Mills
973,Margaretta,Clayton
974,Marcell,Barrett
975,Annis,Sanchez
976,Ayanna,Cherry
977,Barton,Cox
978,Diana,Reyes
979,Ingeborg,Ellison
980,Carter,Booth
982,Orval,Hunter
983,Marguerite,Berger
984,Ivette,Warren
985,Milagros,Weber
986,Marcel,Lindsay
987,Louis,Powell
988,Vanda,Holmes
989,Loreen,Byers
990,Casimira,Chapman
991,Brigida,Larson
994,Demarcus,Reese
995,Amina,Salazar
997,Trinidad,Mcclain
998,Heather,Chaney
999,Latoya,Johns
1000,Shiloh,Reeves
1001,Lee,Roman
1002,Cami,Williamson
1003,Sharell,Ross
1005,Ruthanne,Franco
1006,Marjory,Leonard
1007,Jimmy,Russell
1008,Berneice,Pollard
1010,Katia,Henry
1012,Josephine,Dale
1013,Alma,Peck
1015,Nichelle,Rosario
1016,Shenna,Benton
1017,Philip,Bryan
1018,Carita,Salinas
1019,Janie,Herrera
1020,Lorraine,Marks
1021,Nicolas,Carlson
1023,Adena,Blake
1024,Coleman,Boyd
1025,Daphine,Willis
1026,Jenine,Dawson
1027,Shanita,Wiley
1028,Shanna,Bonner
1029,Ping,Quinn
1030,Saran,Moses
1031,Tonja,Bean
1032,Vernon,Knowles
1033,Jeannette,Skinner
1034,Rico,Salas
1035,Tangela,Hurley
1037,Ashanti,Hammond
1038,Garry,Juarez
1039,Bee,Baker
1040,Shantae,Hammond
1041,Bettye,Espinoza
1042,Larissa,Hays
1043,Diane,Jones
1046,Dane,Mcdaniel
1047,Jamaal,Baker
1048,Ji,Burt
1049,Marcelino,Mcbride
1051,Tonisha,Fowler
1052,Zora,Ford
1053,Parthenia,Figueroa
1054,Arielle,Levine
1056,Rebbecca,Espinoza
1057,Conchita,Boone
1058,Aisha,Woods
1059,Season,Harvey
1060,Tommie,Cooley
1061,Alanna,Barry
1062,Jerri,Guthrie
1063,Tammy,Austin
1064,Patsy,Russo
1066,Raeann,Duncan
1067,Lillia,Gillespie
1068,Doris,Kaufman
1069,Rodolfo,Buck
1070,Olimpia,Mays
1071,Shemeka,Lyons
1072,Maryalice,Henry
1075,Dann,Huff
1078,Theresia,Barron
1079,Cindi,Ellis
1080,Mirella,Duffy
1081,Carson,Macias
1083,Cher,Alston
1084,Regine,Odom
1085,Adam,Thornton
1086,Cori,Schwartz
1087,Willow,Gardner
1088,Jane,Henderson
1089,Chere,Mcfadden
1090,Ira,Erickson
1091,Risa,Gallagher
1093,Alejandrina,Hodges
1094,Keitha,Black
1096,Tonda,Webb
1097,Collen,Dennis
1098,Treasa,Dickerson
1100,Penny,Acevedo
1101,Louise,Flowers
1102,Henrietta,Wagner
1103,Ardelia,Cooley
1104,Khalilah,Robertson
1105,Armando,Black
1108,Bao,Wade
1109,Gussie,Harding
1112,Hollis,Rasmussen
1113,Kendra,Harrington
1114,Douglass,Blankenship
1115,Lina,Meadows
1117,Jeffrey,Hill
1118,Ja,Dillard
1119,Tora,Dunlap
1120,Karole,Alvarez
1121,Shasta,Combs
1122,Cicely,Deleon
1125,Caleb,England
1126,Elmira,Levy
1128,Bea,Kane
1129,Gilberto,Sanders
1131,Desmond,Rose
1132,Parthenia,Holman
1133,Dung,King
1134,Sherril,Alvarado
1135,Alisia,Albert
1136,Kallie,Best
1137,Dottie,Roberts
1138,Hubert,Stone
1139,Gabriella,Jones
1140,Penney,Hall
1141,Mallie,Osborn
1144,Jewel,Sparks
1145,Deandrea,Vega
1147,Kandace,Ayers
1148,Lenore,Valdez
1149,Drucilla,Gilliam
1150,Keturah,Reid
1151,Herminia,Reyes
1152,Tuyet,Rosa
1153,Ara,Vazquez
1154,Barry,Albert
1155,Verdell,Joyner
1156,Han,Wade
1158,Vito,Pickett
1159,Charlene,Norris
1160,Efren,Whitfield
1161,Santa,Larson
1162,Carmelina,Sellers
1163,Carmela,Hays
1164,Patrina,Tanner
1165,Rikki,Morrow
1169,Beatris,Joyner
1171,Earlean,Pena
1172,Katherin,Clark
1173,Chanel,May
1174,Aaron,Knapp
1175,Sindy,Anderson
1177,Charlesetta,Soto
1178,Wendie,Nash
1179,Vernetta,Banks
1181,Agustina,Lawrence
1183,Kim,Clark
1184,Annabelle,Hebert
1185,Corine,Stuart
1187,Kenyetta,Mason
1188,Marcene,Curtis
1189,Sheila,Goodman
1190,Romeo,Steele
1191,Tam,Fisher
1193,Phebe,Soto
1194,Leticia,Snyder
1195,Chantell,Bridges
1197,Nakisha,Clay
1198,Cheryll,Snyder
1199,Consuela,Collier
1200,Aubrey,Durham
1201,Nita,Guy
1202,Carmina,Emerson
1203,Georgeann,Rojas
1204,Leslie,Higgins
1205,Emmaline,Huber
1206,Mercy,Brown
1208,Leila,Barr
1209,Deandrea,Cox
1210,Shawnna,Frank
1211,Brenton,Whitaker
1213,Yang,Giles
1214,Brigid,Sharp
1215,Karl,Stephens
1216,Elvina,Gates
1217,Carlie,Terrell
1219,Alden,Atkinson
1220,Carissa,Cross
1222,Geraldine,O'donnell
1223,Bronwyn,Vargas
1224,Abram,Copeland
1225,Mellisa,Griffin
1226,Qiana,Jackson
1227,Magali,Dixon
1229,Carina,Lynch
1230,Jesus,Burch
1231,Selene,Vega
1232,Jong,Guthrie
1233,Lise,Hebert
1234,Joshua,Berg
1235,Georgina,Gonzales
1236,Rudolph,Velez
1237,Luke,Kramer
1238,Edgar,Quinn
1239,Tara,Maynard
1240,Bella,Perez
1242,Chauncey,Donaldson
1243,Heide,Reed
1244,Trang,Hardin
1245,Gabriela,Warren
1246,Dale,Rasmussen
1247,Tammie,Cherry
1248,Bethany,Herring
1249,Barbra,Dickerson
1250,Neoma,Daugherty
1251,Nanette,Roman
1252,Adriene,Rollins
1253,Susannah,Fields
1254,Dung,Reid
1255,Ben,Stone
1256,Nubia,Anderson
1257,Rosamaria,Meyer
1258,Todd,Waters
1259,Kimbery,Nieves
1260,Phuong,Wolf
1261,Adelaida,Hancock
1262,Brianne,Hays
1263,Rufina,Chandler
1264,Devin,Velazquez
1265,Bonita,Marshall
1266,Myrl,Gay
1268,Sung,Chambers
1269,Gustavo,Gamble
1271,Roy,Chan
1273,Cheree,Hale
1274,Odette,Moses
1275,Lenita,Bonner
1276,Shona,Mcmillan
1278,Loan,Graham
1279,Stan,Saunders
1280,Jackeline,Colon
1281,Marlen,Dawson
1282,Alexis,Mack
1287,Victor,Pittman
1290,Minnie,Compton
1291,Shiloh,Bates
1292,Lakenya,Oliver
1293,Sally,Kinney
1294,Edith,Davenport
1295,Alline,Beasley
1296,Travis,Whitley
1298,Trudy,Riddle
1299,Shauna,Edwards
1300,Clorinda,Donovan
1301,Raven,Curtis
1302,Verda,Gilbert
1303,Renay,Atkins
1304,Tama,Berg
1305,Dalia,Carson
1306,America,Swanson
1307,Cinda,Rocha
1308,Shea,Howell
1310,Emanuel,Mckee
1311,Whitley,Cannon
1312,Tereasa,Bird
1313,Dante,Grimes
1314,Joeann,Garrison
1315,Omega,Johnston
1316,Conrad,Mueller
1318,Tisha,Petty
1319,Claris,Santiago
1321,Shantel,Gregory
1322,Ai,Forbes
1323,Ebony,Cotton
1324,Arla,Ellis
1326,Tarra,Guerrero
1328,Cindie,Franklin
1329,Sharyn,Brewer
1330,Karren,Stevenson
1331,Divina,Reeves
1332,Novella,Ross
1333,Omega,Huff
1334,Ashleigh,Finch
1335,Corina,Lynch
1337,Bernetta,Summers
1338,Inez,Snider
1339,Neida,King
1341,Rozanne,Reyes
1343,Jama,Rodriquez
1344,Eloisa,Tucker
1345,Arie,Hunter
1346,Sanora,Webster
1347,Kate,Barber
1348,Yvone,Guerrero
1349,Kami,Rios
1350,Annett,Rush
1351,Carman,Hardy
1352,Dorothea,Miranda
1353,Agatha,Daniels
1354,Alexandria,Zamora
1355,Thad,Gilliam
1356,Inger,Jennings
1358,Noble,Glover
1359,Octavia,Donaldson
1360,Latashia,Travis
1361,Destiny,Goodman
1362,Christiana,Gross
1363,Nestor,Haynes
1367,Lucile,Manning
1368,Veronique,Fulton
1369,Starr,Schneider
1371,Pandora,Estes
1372,Renna,Williams
1373,Lanora,Robbins
1374,Juliane,Dillard
1375,Carlena,Salinas
1376,Kimberley,Reynolds
1377,Johana,Jacobson
1378,Enoch,Rosario
1379,Dorine,Thornton
1381,Mercedez,Brooks
1382,Wynona,Douglas
1383,Desire,Mcgowan
1384,Elmo,Sweeney
1385,Kenton,Hughes
1390,Genoveva,Lloyd
1391,Sheryl,Chase
1392,Trista,Lambert
1393,Vivian,Deleon
1394,Genny,Fields
1395,Eliseo,Knight
1397,Dewayne,Herring
1398,Nevada,Hood
1399,Angelika,Perry
1400,Shayla,Hart
1401,Willetta,Murphy
1403,Mila,Moody
1404,Loyce,Conway
1405,Thanh,Figueroa
1406,Farrah,Orr
1407,Hugh,Craft
1408,Eleanor,Mendez
1409,Lamar,Bush
1410,Lurlene,Finch
1411,Shanda,Stevenson
1412,Adrien,Hunter
1413,Ophelia,Decker
1415,Harold,O'connor
1418,Penni,Best
1421,Edris,Barrett
1422,Tempie,Jacobson
1423,Dollie,Cervantes
1426,Londa,Gould
1429,Lorrie,Justice
1430,Tayna,Wade
1431,Mark,Benton
1433,Nicola,Knight
1435,Merrie,Fowler
1436,Macie,Ayers
1438,Lee,Dunn
1439,Florrie,Little
1440,Ernest,Rollins
1441,Jamaal,Morrison
1442,Cassie,Cline
1443,Lezlie,Lamb
1444,Ivette,Estes
