customer_id,first_name,last_name,email,number_of_categories
9,Genoveva,Baldwin,genoveva.baldwin@msn.com,7
1,Debra,Burks,debra.burks@yahoo.com,6
4,Daryl,Spence,daryl.spence@aol.com,6
6,Lyndsey,Bean,lyndsey.bean@hotmail.com,6
18,Georgetta,Hardin,georgetta.hardin@aol.com,6
25,Regenia,Vaughan,regenia.vaughan@gmail.com,6
28,Jeanice,Frost,jeanice.frost@hotmail.com,6
37,Melia,Brady,melia.brady@gmail.com,6
39,Janetta,Aguirre,janetta.aguirre@aol.com,6
47,Bridgette,Guerra,bridgette.guerra@hotmail.com,6
53,Saturnina,Garner,saturnina.garner@gmail.com,6
66,Lorrie,Becker,lorrie.becker@yahoo.com,6
91,Marvin,Mullins,marvin.mullins@aol.com,6
120,Luz,House,luz.house@gmail.com,6
123,Robena,Hill,robena.hill@hotmail.com,6
194,Dorine,Roberson,dorine.roberson@msn.com,6
2,Kasha,Todd,kasha.todd@yahoo.com,5
3,Tameka,Fisher,tameka.fisher@aol.com,5
5,Charolette,Rice,charolette.rice@msn.com,5
10,Pamelia,Newman,pamelia.newman@gmail.com,5
12,Robby,Sykes,robby.sykes@hotmail.com,5
13,Lashawn,Ortiz,lashawn.ortiz@msn.com,5
14,Garry,Espinoza,garry.espinoza@hotmail.com,5
21,Tobie,Little,tobie.little@gmail.com,5
26,Theo,Reese,theo.reese@gmail.com,5
33,Deloris,Burke,deloris.burke@hotmail.com,5
35,Guillermina,Noble,guillermina.noble@msn.com,5
38,Zelma,Browning,zelma.browning@aol.com,5
50,Cleotilde,Booth,cleotilde.booth@gmail.com,5
58,Damien,Dorsey,damien.dorsey@yahoo.com,5
59,Latasha,Stanley,latasha.stanley@gmail.com,5
61,Elinore,Aguilar,elinore.aguilar@msn.com,5
65,Kanesha,Vega,kanesha.vega@gmail.com,5
73,Melanie,Hayes,melanie.hayes@msn.com,5
75,Abby,Gamble,abby.gamble@aol.com,5
76,Parker,Prince,parker.prince@hotmail.com,5
79,Ashanti,Parks,ashanti.parks@hotmail.com,5
82,Lizzie,Joyner,lizzie.joyner@msn.com,5
85,Teofila,Fischer,teofila.fischer@aol.com,5
87,Yan,Mcgowan,yan.mcgowan@msn.com,5
92,Tena,Cruz,tena.cruz@yahoo.com,5
93,Corrina,Sawyer,corrina.sawyer@yahoo.com,5
109,Monica,Sears,monica.sears@aol.com,5
135,Dorthey,Jackson,dorthey.jackson@msn.com,5
136,Sarita,Parks,sarita.parks@msn.com,5
153,Laraine,Robbins,laraine.robbins@yahoo.com,5
157,Carola,Rodriquez,carola.rodriquez@hotmail.com,5
163,Margert,Stevens,margert.stevens@aol.com,5
192,Bong,Hebert,bong.hebert@gmail.com,5
217,Carline,Collier,carline.collier@msn.com,5
224,Moses,Pope,moses.pope@yahoo.com,5
226,Kiana,Rivera,kiana.rivera@gmail.com,5
227,Danielle,Bond,danielle.bond@msn.com,5
231,Jenee,Rasmussen,jenee.rasmussen@hotmail.com,5
296,Sophia,Mcmillan,sophia.mcmillan@msn.com,5
425,Augustina,Joyner,augustina.joyner@aol.com,5
809,Elnora,Simpson,elnora.simpson@yahoo.com,5
859,Julianne,Shannon,julianne.shannon@hotmail.com,5
871,Erlinda,Humphrey,erlinda.humphrey@hotmail.com,5
904,Jana,Thomas,jana.thomas@yahoo.com,5
984,Ivette,Warren,ivette.warren@gmail.com,5
1415,Harold,O'connor,harold.o'connor@gmail.com,5
1443,Lezlie,Lamb,lezlie.lamb@gmail.com,5
7,Latasha,Hays,latasha.hays@hotmail.com,4
15,Linnie,Branch,linnie.branch@gmail.com,4
16,Emmitt,Sanchez,emmitt.sanchez@hotmail.com,4
17,Caren,Stephens,caren.stephens@msn.com,4
19,Lizzette,Stein,lizzette.stein@yahoo.com,4
20,Aleta,Shepard,aleta.shepard@aol.com,4
22,Adelle,Larsen,adelle.larsen@gmail.com,4
24,Corene,Wall,corene.wall@msn.com,4
27,Santos,Valencia,santos.valencia@yahoo.com,4
29,Syreeta,Hendricks,syreeta.hendricks@msn.com,4
30,Jamaal,Albert,jamaal.albert@gmail.com,4
31,Williemae,Holloway,williemae.holloway@msn.com,4
32,Araceli,Golden,araceli.golden@msn.com,4
42,Tangela,Quinn,tangela.quinn@aol.com,4
43,Mozelle,Carter,mozelle.carter@aol.com,4
46,Monika,Berg,monika.berg@gmail.com,4
54,Fran,Yang,fran.yang@hotmail.com,4
55,Diana,Guerra,diana.guerra@hotmail.com,4
62,Alica,Hunter,alica.hunter@hotmail.com,4
63,Tenisha,Lyons,tenisha.lyons@aol.com,4
68,Jayne,Kirkland,jayne.kirkland@hotmail.com,4
72,Petronila,Norris,petronila.norris@aol.com,4
77,Keri,Bridges,keri.bridges@gmail.com,4
80,Sarai,Mckee,sarai.mckee@msn.com,4
83,Tiesha,Daniel,tiesha.daniel@yahoo.com,4
84,Armand,Whitehead,armand.whitehead@hotmail.com,4
86,Lissa,Vargas,lissa.vargas@yahoo.com,4
90,Marjorie,Logan,marjorie.logan@msn.com,4
94,Sharyn,Hopkins,sharyn.hopkins@hotmail.com,4
104,Katharina,Bates,katharina.bates@gmail.com,4
110,Ollie,Zimmerman,ollie.zimmerman@yahoo.com,4
113,Eliana,Silva,eliana.silva@gmail.com,4
116,Merlene,Vinson,merlene.vinson@gmail.com,4
124,Jeni,Booker,jeni.booker@gmail.com,4
138,Jone,Bernard,jone.bernard@hotmail.com,4
140,Cleopatra,Tate,cleopatra.tate@aol.com,4
167,Loreta,Johnston,loreta.johnston@yahoo.com,4
169,Karla,Kirk,karla.kirk@yahoo.com,4
170,Regine,Gonzales,regine.gonzales@gmail.com,4
172,Jeanie,Kirkland,jeanie.kirkland@aol.com,4
175,Nova,Hess,nova.hess@msn.com,4
176,Carley,Reynolds,carley.reynolds@gmail.com,4
197,Andy,O'neill,andy.o'neill@msn.com,4
203,Minerva,Decker,minerva.decker@yahoo.com,4
208,Denis,Logan,denis.logan@msn.com,4
220,Lucio,Sherman,lucio.sherman@gmail.com,4
239,Felice,Guzman,felice.guzman@hotmail.com,4
255,Flossie,Holder,flossie.holder@msn.com,4
272,Deja,Chaney,deja.chaney@hotmail.com,4
274,Josh,Shaw,josh.shaw@gmail.com,4
279,Justina,Long,justina.long@aol.com,4
292,Monty,Frost,monty.frost@aol.com,4
303,Rolanda,Larsen,rolanda.larsen@yahoo.com,4
344,Herta,Rollins,herta.rollins@msn.com,4
354,Tonda,Armstrong,tonda.armstrong@aol.com,4
375,Yan,Trevino,yan.trevino@gmail.com,4
380,Alesia,Horne,alesia.horne@aol.com,4
437,Laureen,Barry,laureen.barry@yahoo.com,4
443,Ayana,Keith,ayana.keith@hotmail.com,4
453,Courtney,Wyatt,courtney.wyatt@gmail.com,4
463,Jerlene,Rios,jerlene.rios@yahoo.com,4
473,Lashawna,Richardson,lashawna.richardson@hotmail.com,4
499,Lidia,Ashley,lidia.ashley@hotmail.com,4
517,Buford,Gilbert,buford.gilbert@yahoo.com,4
525,Andreas,Mayer,andreas.mayer@hotmail.com,4
529,Ellena,Clements,ellena.clements@aol.com,4
538,Sherie,Ayala,sherie.ayala@msn.com,4
541,Lanita,Burton,lanita.burton@msn.com,4
544,Catarina,Mendez,catarina.mendez@hotmail.com,4
554,Hilde,Nieves,hilde.nieves@gmail.com,4
559,Basilia,Thornton,basilia.thornton@hotmail.com,4
560,Tricia,Daniels,tricia.daniels@gmail.com,4
568,Arcelia,Vinson,arcelia.vinson@gmail.com,4
569,Lucas,Estes,lucas.estes@yahoo.com,4
578,Salena,Day,salena.day@msn.com,4
583,Lashandra,Turner,lashandra.turner@hotmail.com,4
594,Deanne,Parsons,deanne.parsons@aol.com,4
651,Laure,Pena,laure.pena@yahoo.com,4
672,Elma,Molina,elma.molina@msn.com,4
723,Vicki,Wiggins,vicki.wiggins@hotmail.com,4
726,Rochell,Cantrell,rochell.cantrell@yahoo.com,4
730,Andria,Rivers,andria.rivers@aol.com,4
734,Alina,Mcleod,alina.mcleod@msn.com,4
738,Fannie,Jenkins,fannie.jenkins@msn.com,4
748,Oliva,Blackwell,oliva.blackwell@hotmail.com,4
754,Hue,May,hue.may@aol.com,4
783,Celestine,Kent,celestine.kent@aol.com,4
798,Alyse,Jacobson,alyse.jacobson@yahoo.com,4
810,Ivelisse,Nixon,ivelisse.nixon@aol.com,4
819,Yahaira,Robertson,yahaira.robertson@yahoo.com,4
833,Leone,Emerson,leone.emerson@msn.com,4
844,Felica,Munoz,felica.munoz@aol.com,4
864,Lore,Sykes,lore.sykes@aol.com,4
878,Melodie,Melton,melodie.melton@yahoo.com,4
885,Janna,Hayden,janna.hayden@msn.com,4
886,Letisha,May,letisha.may@yahoo.com,4
887,Graig,Cannon,graig.cannon@gmail.com,4
893,Letty,Cobb,letty.cobb@msn.com,4
903,Maira,Long,maira.long@msn.com,4
910,Elenore,William,elenore.william@msn.com,4
916,Alishia,Elliott,alishia.elliott@aol.com,4
919,Ruthanne,Hoover,ruthanne.hoover@aol.com,4
922,Elvia,Cardenas,elvia.cardenas@hotmail.com,4
929,Thurman,Ellis,thurman.ellis@gmail.com,4
939,Maximina,Hutchinson,maximina.hutchinson@hotmail.com,4
945,Krissy,Ochoa,krissy.ochoa@msn.com,4
953,Kattie,Stevenson,kattie.stevenson@aol.com,4
958,Ciera,Koch,ciera.koch@gmail.com,4
961,Iva,Wilcox,iva.wilcox@aol.com,4
965,Margit,Osborn,margit.osborn@yahoo.com,4
971,Samual,Warner,samual.warner@gmail.com,4
985,Milagros,Weber,milagros.weber@hotmail.com,4
989,Loreen,Byers,loreen.byers@yahoo.com,4
995,Amina,Salazar,amina.salazar@aol.com,4
1010,Katia,Henry,katia.henry@msn.com,4
1020,Lorraine,Marks,lorraine.marks@msn.com,4
1031,Tonja,Bean,tonja.bean@aol.com,4
1057,Conchita,Boone,conchita.boone@gmail.com,4
1078,Theresia,Barron,theresia.barron@aol.com,4
1081,Carson,Macias,carson.macias@gmail.com,4
1091,Risa,Gallagher,risa.gallagher@yahoo.com,4
1115,Lina,Meadows,lina.meadows@aol.com,4
1122,Cicely,Deleon,cicely.deleon@yahoo.com,4
1131,Desmond,Rose,desmond.rose@hotmail.com,4
1132,Parthenia,Holman,parthenia.holman@gmail.com,4
1147,Kandace,Ayers,kandace.ayers@gmail.com,4
1148,Lenore,Valdez,lenore.valdez@msn.com,4
1152,Tuyet,Rosa,tuyet.rosa@aol.com,4
1163,Carmela,Hays,carmela.hays@aol.com,4
1165,Rikki,Morrow,rikki.morrow@hotmail.com,4
1201,Nita,Guy,nita.guy@hotmail.com,4
1203,Georgeann,Rojas,georgeann.rojas@msn.com,4
1206,Mercy,Brown,mercy.brown@msn.com,4
1237,Luke,Kramer,luke.kramer@hotmail.com,4
1245,Gabriela,Warren,gabriela.warren@aol.com,4
1261,Adelaida,Hancock,adelaida.hancock@aol.com,4
1282,Alexis,Mack,alexis.mack@aol.com,4
1304,Tama,Berg,tama.berg@hotmail.com,4
1307,Cinda,Rocha,cinda.rocha@hotmail.com,4
1311,Whitley,Cannon,whitley.cannon@msn.com,4
1319,Claris,Santiago,claris.santiago@msn.com,4
1328,Cindie,Franklin,cindie.franklin@yahoo.com,4
1333,Omega,Huff,omega.huff@aol.com,4
1334,Ashleigh,Finch,ashleigh.finch@yahoo.com,4
1350,Annett,Rush,annett.rush@hotmail.com,4
1360,Latashia,Travis,latashia.travis@yahoo.com,4
1374,Juliane,Dillard,juliane.dillard@aol.com,4
1395,Eliseo,Knight,eliseo.knight@msn.com,4
1398,Nevada,Hood,nevada.hood@aol.com,4
1404,Loyce,Conway,loyce.conway@aol.com,4
1406,Farrah,Orr,farrah.orr@msn.com,4
1411,Shanda,Stevenson,shanda.stevenson@yahoo.com,4
1423,Dollie,Cervantes,dollie.cervantes@aol.com,4
1435,Merrie,Fowler,merrie.fowler@aol.com,4
1436,Macie,Ayers,macie.ayers@msn.com,4
1439,Florrie,Little,florrie.little@yahoo.com,4
11,Deshawn,Mendoza,deshawn.mendoza@yahoo.com,3
34,Brittney,Woodward,brittney.woodward@aol.com,3
36,Bernita,Mcdaniel,bernita.mcdaniel@hotmail.com,3
41,Kathie,Freeman,kathie.freeman@msn.com,3
44,Onita,Johns,onita.johns@msn.com,3
45,Bennett,Armstrong,bennett.armstrong@aol.com,3
48,Cesar,Jackson,cesar.jackson@gmail.com,3
51,Gertrud,Rhodes,gertrud.rhodes@aol.com,3
56,Lolita,Mosley,lolita.mosley@hotmail.com,3
57,Pamala,Henry,pamala.henry@aol.com,3
60,Neil,Mccall,neil.mccall@gmail.com,3
69,Katelin,Kennedy,katelin.kennedy@gmail.com,3
70,Tomasa,Carson,tomasa.carson@aol.com,3
81,Zina,Bonner,zina.bonner@hotmail.com,3
88,Titus,Bullock,titus.bullock@gmail.com,3
89,Arvilla,Osborn,arvilla.osborn@gmail.com,3
97,Louanne,Martin,louanne.martin@hotmail.com,3
98,Violet,Valenzuela,violet.valenzuela@msn.com,3
99,Carie,Kidd,carie.kidd@yahoo.com,3
105,Marget,Hodge,marget.hodge@msn.com,3
108,Shae,Hickman,shae.hickman@hotmail.com,3
112,Yuk,Vega,yuk.vega@yahoo.com,3
115,Rey,Lindsay,rey.lindsay@gmail.com,3
119,Thalia,Dillard,thalia.dillard@yahoo.com,3
122,Shena,Carter,shena.carter@yahoo.com,3
126,Lavina,Dejesus,lavina.dejesus@msn.com,3
132,Boyd,Irwin,boyd.irwin@hotmail.com,3
133,Delbert,Wilkins,delbert.wilkins@aol.com,3
145,Miquel,Neal,miquel.neal@hotmail.com,3
146,Stefany,Potter,stefany.potter@gmail.com,3
151,Joesph,Delacruz,joesph.delacruz@aol.com,3
152,Katherina,Odom,katherina.odom@yahoo.com,3
155,Lory,Page,lory.page@hotmail.com,3
161,Crystle,Gilliam,crystle.gilliam@yahoo.com,3
165,Jeromy,Burch,jeromy.burch@msn.com,3
171,Miriam,Baker,miriam.baker@hotmail.com,3
178,Genoveva,Tyler,genoveva.tyler@gmail.com,3
181,Olevia,Pitts,olevia.pitts@gmail.com,3
182,Jenniffer,Bullock,jenniffer.bullock@msn.com,3
184,Klara,Stanley,klara.stanley@aol.com,3
187,Hedwig,Paul,hedwig.paul@msn.com,3
188,Sharla,Flynn,sharla.flynn@hotmail.com,3
190,Toya,Pratt,toya.pratt@yahoo.com,3
191,Graciela,Barber,graciela.barber@hotmail.com,3
195,Addie,Hahn,addie.hahn@hotmail.com,3
196,Edythe,Valencia,edythe.valencia@yahoo.com,3
198,Luis,Tyler,luis.tyler@gmail.com,3
199,Clelia,Workman,clelia.workman@yahoo.com,3
201,Candis,Harding,candis.harding@gmail.com,3
205,Harris,Pittman,harris.pittman@yahoo.com,3
207,Michel,Blankenship,michel.blankenship@msn.com,3
214,Ross,Pugh,ross.pugh@msn.com,3
215,Judith,Finley,judith.finley@hotmail.com,3
216,Wai,Soto,wai.soto@msn.com,3
218,Casey,Gill,casey.gill@gmail.com,3
225,Barbera,Riggs,barbera.riggs@aol.com,3
230,Chelsey,Hardin,chelsey.hardin@hotmail.com,3
240,Le,Deleon,le.deleon@msn.com,3
243,Natosha,Rowland,natosha.rowland@aol.com,3
245,Delila,Hamilton,delila.hamilton@yahoo.com,3
251,Kasie,Rodriquez,kasie.rodriquez@aol.com,3
254,Cristobal,Hutchinson,cristobal.hutchinson@gmail.com,3
257,Earl,Stanley,earl.stanley@gmail.com,3
259,Johnathan,Velazquez,johnathan.velazquez@hotmail.com,3
262,Rubin,Decker,rubin.decker@gmail.com,3
263,Dortha,Jarvis,dortha.jarvis@yahoo.com,3
269,Barton,Crosby,barton.crosby@msn.com,3
276,Lavette,Wright,lavette.wright@msn.com,3
277,Mark,Garrett,mark.garrett@msn.com,3
280,Brenda,Tate,brenda.tate@msn.com,3
282,Randolph,Chase,randolph.chase@yahoo.com,3
287,Mireille,Puckett,mireille.puckett@hotmail.com,3
291,Boyce,Burks,boyce.burks@gmail.com,3
295,Danny,Kim,danny.kim@msn.com,3
298,Jennie,Middleton,jennie.middleton@gmail.com,3
301,Annett,Garrett,annett.garrett@yahoo.com,3
306,Vikki,Erickson,vikki.erickson@yahoo.com,3
308,Mazie,Fernandez,mazie.fernandez@hotmail.com,3
309,Anderson,Martin,anderson.martin@hotmail.com,3
314,Javier,Nichols,javier.nichols@msn.com,3
316,Hortencia,Graham,hortencia.graham@aol.com,3
318,Eliz,Whitney,eliz.whitney@msn.com,3
322,Merideth,Preston,merideth.preston@yahoo.com,3
326,Shiela,Calderon,shiela.calderon@msn.com,3
327,Sharie,Alvarez,sharie.alvarez@msn.com,3
328,Bettie,Glover,bettie.glover@gmail.com,3
332,Reena,Higgins,reena.higgins@gmail.com,3
334,Somer,Jordan,somer.jordan@msn.com,3
337,Majorie,Wyatt,majorie.wyatt@yahoo.com,3
339,Tamela,Harrell,tamela.harrell@aol.com,3
350,Christoper,Mccall,christoper.mccall@msn.com,3
351,Margorie,Wynn,margorie.wynn@gmail.com,3
352,Josef,Greer,josef.greer@gmail.com,3
360,Van,Peters,van.peters@yahoo.com,3
362,Olevia,Noel,olevia.noel@yahoo.com,3
374,Candelaria,Coffey,candelaria.coffey@aol.com,3
384,Aimee,Merritt,aimee.merritt@yahoo.com,3
386,Nelle,Beck,nelle.beck@aol.com,3
396,Laverna,Hernandez,laverna.hernandez@hotmail.com,3
400,Alfredo,Dodson,alfredo.dodson@hotmail.com,3
402,Kerrie,Morton,kerrie.morton@hotmail.com,3
407,Dannette,Guerrero,dannette.guerrero@gmail.com,3
408,Edra,Fitzgerald,edra.fitzgerald@msn.com,3
410,Conception,Slater,conception.slater@gmail.com,3
411,Octavia,Case,octavia.case@aol.com,3
415,Gwendolyn,Miller,gwendolyn.miller@msn.com,3
420,Vince,Schneider,vince.schneider@hotmail.com,3
421,Iola,Rasmussen,iola.rasmussen@yahoo.com,3
426,Daisy,Ward,daisy.ward@msn.com,3
428,Hipolito,Padilla,hipolito.padilla@hotmail.com,3
435,Izola,Hobbs,izola.hobbs@gmail.com,3
440,Yevette,Todd,yevette.todd@aol.com,3
441,Dorthea,Walker,dorthea.walker@aol.com,3
444,Caridad,Compton,caridad.compton@aol.com,3
447,Chasidy,Tran,chasidy.tran@msn.com,3
450,Ellsworth,Michael,ellsworth.michael@yahoo.com,3
459,Latosha,Dalton,latosha.dalton@yahoo.com,3
461,Effie,Jenkins,effie.jenkins@msn.com,3
462,Efren,Oliver,efren.oliver@gmail.com,3
464,Bess,Mcbride,bess.mcbride@yahoo.com,3
467,Clare,Neal,clare.neal@msn.com,3
469,Micki,Rutledge,micki.rutledge@aol.com,3
472,Myron,Ruiz,myron.ruiz@gmail.com,3
478,Emmett,Hahn,emmett.hahn@hotmail.com,3
479,Gertha,Mejia,gertha.mejia@yahoo.com,3
480,Garland,Weaver,garland.weaver@gmail.com,3
485,Catherine,Miles,catherine.miles@msn.com,3
486,Valeri,Marshall,valeri.marshall@hotmail.com,3
487,Grace,Madden,grace.madden@gmail.com,3
491,Celestine,Jacobs,celestine.jacobs@gmail.com,3
492,Justa,Thompson,justa.thompson@aol.com,3
500,Moira,Lester,moira.lester@msn.com,3
502,Malinda,Baxter,malinda.baxter@yahoo.com,3
505,Wilda,Petersen,wilda.petersen@aol.com,3
506,Irving,Pitts,irving.pitts@msn.com,3
509,Terra,Pickett,terra.pickett@aol.com,3
515,Reita,Dickson,reita.dickson@hotmail.com,3
519,Rudolf,Gilliam,rudolf.gilliam@aol.com,3
521,Max,Charles,max.charles@gmail.com,3
524,Larraine,Horn,larraine.horn@msn.com,3
526,Lazaro,Moran,lazaro.moran@gmail.com,3
527,Afton,Juarez,afton.juarez@gmail.com,3
530,Selene,Austin,selene.austin@msn.com,3
531,Kimberely,Bowen,kimberely.bowen@hotmail.com,3
534,Alejandro,Haney,alejandro.haney@msn.com,3
536,Christiane,Bradford,christiane.bradford@gmail.com,3
537,Carter,Bentley,carter.bentley@yahoo.com,3
542,Timothy,Byers,timothy.byers@msn.com,3
543,Jasmin,Young,jasmin.young@gmail.com,3
545,Tajuana,Rollins,tajuana.rollins@msn.com,3
547,Tena,Huber,tena.huber@gmail.com,3
548,Dori,Alvarez,dori.alvarez@msn.com,3
552,Lea,Key,lea.key@yahoo.com,3
555,Marry,Benjamin,marry.benjamin@yahoo.com,3
556,Vernell,Goff,vernell.goff@msn.com,3
563,Rodney,Odom,rodney.odom@yahoo.com,3
564,Bettie,Pierce,bettie.pierce@gmail.com,3
566,Cinthia,Poole,cinthia.poole@aol.com,3
571,Kaley,Blanchard,kaley.blanchard@msn.com,3
575,Laurence,Christian,laurence.christian@gmail.com,3
576,Shirely,Stanley,shirely.stanley@gmail.com,3
577,Danille,Mcfarland,danille.mcfarland@msn.com,3
581,Vonda,Berger,vonda.berger@yahoo.com,3
595,Frederica,Rojas,frederica.rojas@yahoo.com,3
596,Emelda,Dickerson,emelda.dickerson@aol.com,3
600,Joi,Reeves,joi.reeves@msn.com,3
603,Genevieve,Juarez,genevieve.juarez@gmail.com,3
605,Renita,Henry,renita.henry@msn.com,3
607,Paul,Lester,paul.lester@gmail.com,3
609,Eliana,Reese,eliana.reese@hotmail.com,3
610,Leonore,Dorsey,leonore.dorsey@yahoo.com,3
612,Gabriel,Wagner,gabriel.wagner@msn.com,3
614,Toshia,Cardenas,toshia.cardenas@gmail.com,3
615,Jamika,Blanchard,jamika.blanchard@gmail.com,3
619,Ana,Palmer,ana.palmer@yahoo.com,3
624,Sharika,Colon,sharika.colon@gmail.com,3
625,Donnetta,Henson,donnetta.henson@hotmail.com,3
632,Yvette,Rogers,yvette.rogers@aol.com,3
637,Kara,Higgins,kara.higgins@aol.com,3
643,Melba,Wilkinson,melba.wilkinson@gmail.com,3
645,Lewis,Garner,lewis.garner@gmail.com,3
648,Catrice,Hicks,catrice.hicks@yahoo.com,3
653,Florencio,Davenport,florencio.davenport@yahoo.com,3
657,Sam,Lester,sam.lester@gmail.com,3
661,Trena,Hudson,trena.hudson@hotmail.com,3
662,Loraine,Sykes,loraine.sykes@yahoo.com,3
663,Alissa,Hood,alissa.hood@gmail.com,3
667,Etsuko,Garrison,etsuko.garrison@yahoo.com,3
675,Kermit,Bowman,kermit.bowman@gmail.com,3
681,Reatha,Perez,reatha.perez@aol.com,3
686,Darcel,Harmon,darcel.harmon@msn.com,3
687,Cecilia,Camacho,cecilia.camacho@yahoo.com,3
690,Yevette,Elliott,yevette.elliott@aol.com,3
691,Ladawn,Downs,ladawn.downs@yahoo.com,3
694,Lanie,Dunn,lanie.dunn@gmail.com,3
701,Alysia,Nicholson,alysia.nicholson@hotmail.com,3
702,Sharie,Whitaker,sharie.whitaker@hotmail.com,3
706,Lolita,O'neill,lolita.o'neill@aol.com,3
711,Jovita,Bishop,jovita.bishop@aol.com,3
713,Ilona,Spears,ilona.spears@gmail.com,3
715,Larae,Carney,larae.carney@msn.com,3
717,Kristofer,Craig,kristofer.craig@yahoo.com,3
727,Kasha,Sullivan,kasha.sullivan@hotmail.com,3
728,Viva,Dawson,viva.dawson@yahoo.com,3
732,Lavona,Austin,lavona.austin@yahoo.com,3
735,Aide,Franco,aide.franco@msn.com,3
740,Gwenn,Melton,gwenn.melton@yahoo.com,3
744,Laurel,Schultz,laurel.schultz@hotmail.com,3
747,Margret,Barnett,margret.barnett@gmail.com,3
749,Oralia,Farley,oralia.farley@hotmail.com,3
751,Hermila,Mckay,hermila.mckay@yahoo.com,3
755,Tomika,Wilder,tomika.wilder@aol.com,3
756,Graig,Roth,graig.roth@aol.com,3
757,Lamar,Greer,lamar.greer@gmail.com,3
759,Cira,Downs,cira.downs@gmail.com,3
760,Marisa,Chambers,marisa.chambers@msn.com,3
761,Rod,Hatfield,rod.hatfield@hotmail.com,3
764,Terrell,Mathis,terrell.mathis@aol.com,3
765,Spring,Hayes,spring.hayes@hotmail.com,3
768,Yvone,Yates,yvone.yates@gmail.com,3
771,Agnes,Sims,agnes.sims@aol.com,3
774,Nenita,Mooney,nenita.mooney@hotmail.com,3
790,Petronila,Gallegos,petronila.gallegos@gmail.com,3
793,Chantay,Maynard,chantay.maynard@gmail.com,3
794,Donette,Mccarthy,donette.mccarthy@yahoo.com,3
795,Mariam,Miranda,mariam.miranda@aol.com,3
799,India,Barron,india.barron@msn.com,3
800,Cris,Dunn,cris.dunn@yahoo.com,3
801,Ophelia,Rodgers,ophelia.rodgers@gmail.com,3
802,Barrett,Sanders,barrett.sanders@aol.com,3
803,Bernardina,Cooper,bernardina.cooper@msn.com,3
806,Reyes,Merritt,reyes.merritt@yahoo.com,3
813,Neville,Mcclain,neville.mcclain@yahoo.com,3
815,Leanna,Manning,leanna.manning@yahoo.com,3
828,Renato,Morton,renato.morton@msn.com,3
832,Pamala,Fowler,pamala.fowler@gmail.com,3
835,Roseanne,Maynard,roseanne.maynard@yahoo.com,3
836,Corinna,Adams,corinna.adams@msn.com,3
837,Kellye,Campbell,kellye.campbell@gmail.com,3
839,Carolann,Russell,carolann.russell@hotmail.com,3
840,Gilbert,Calhoun,gilbert.calhoun@msn.com,3
843,Tessie,Farmer,tessie.farmer@msn.com,3
853,Brittney,Rojas,brittney.rojas@aol.com,3
858,Klara,Kim,klara.kim@gmail.com,3
866,Lynwood,Jackson,lynwood.jackson@aol.com,3
870,Dwain,Carlson,dwain.carlson@gmail.com,3
872,Silas,Tate,silas.tate@yahoo.com,3
877,Janine,Manning,janine.manning@gmail.com,3
880,Phebe,Turner,phebe.turner@aol.com,3
883,Gilberte,Duke,gilberte.duke@gmail.com,3
888,Coleen,Navarro,coleen.navarro@aol.com,3
890,Rosanne,George,rosanne.george@yahoo.com,3
894,Nathaniel,Richard,nathaniel.richard@gmail.com,3
895,Elaina,Key,elaina.key@msn.com,3
896,Stefani,Gamble,stefani.gamble@aol.com,3
930,Delana,Wagner,delana.wagner@aol.com,3
931,Porter,Bass,porter.bass@hotmail.com,3
933,Lurline,Rivers,lurline.rivers@msn.com,3
936,Sherilyn,Wilcox,sherilyn.wilcox@gmail.com,3
941,Danyell,Dickerson,danyell.dickerson@msn.com,3
951,Steve,Bender,steve.bender@gmail.com,3
952,Aileen,Marquez,aileen.marquez@msn.com,3
956,Venus,Hewitt,venus.hewitt@msn.com,3
960,Arline,Lawson,arline.lawson@gmail.com,3
963,Anisha,Lang,anisha.lang@aol.com,3
967,Laurette,Hebert,laurette.hebert@msn.com,3
973,Margaretta,Clayton,margaretta.clayton@yahoo.com,3
975,Annis,Sanchez,annis.sanchez@aol.com,3
976,Ayanna,Cherry,ayanna.cherry@yahoo.com,3
977,Barton,Cox,barton.cox@yahoo.com,3
979,Ingeborg,Ellison,ingeborg.ellison@yahoo.com,3
983,Marguerite,Berger,marguerite.berger@aol.com,3
987,Louis,Powell,louis.powell@aol.com,3
990,Casimira,Chapman,casimira.chapman@yahoo.com,3
991,Brigida,Larson,brigida.larson@hotmail.com,3
994,Demarcus,Reese,demarcus.reese@gmail.com,3
997,Trinidad,Mcclain,trinidad.mcclain@msn.com,3
998,Heather,Chaney,heather.chaney@yahoo.com,3
999,Latoya,Johns,latoya.johns@hotmail.com,3
1001,Lee,Roman,lee.roman@gmail.com,3
1006,Marjory,Leonard,marjory.leonard@msn.com,3
1007,Jimmy,Russell,jimmy.russell@hotmail.com,3
1012,Josephine,Dale,josephine.dale@aol.com,3
1018,Carita,Salinas,carita.salinas@yahoo.com,3
1019,Janie,Herrera,janie.herrera@gmail.com,3
1024,Coleman,Boyd,coleman.boyd@yahoo.com,3
1027,Shanita,Wiley,shanita.wiley@yahoo.com,3
1028,Shanna,Bonner,shanna.bonner@msn.com,3
1029,Ping,Quinn,ping.quinn@gmail.com,3
1033,Jeannette,Skinner,jeannette.skinner@yahoo.com,3
1034,Rico,Salas,rico.salas@msn.com,3
1040,Shantae,Hammond,shantae.hammond@hotmail.com,3
1041,Bettye,Espinoza,bettye.espinoza@yahoo.com,3
1042,Larissa,Hays,larissa.hays@aol.com,3
1043,Diane,Jones,diane.jones@gmail.com,3
1046,Dane,Mcdaniel,dane.mcdaniel@hotmail.com,3
1048,Ji,Burt,ji.burt@hotmail.com,3
1051,Tonisha,Fowler,tonisha.fowler@msn.com,3
1052,Zora,Ford,zora.ford@gmail.com,3
1054,Arielle,Levine,arielle.levine@yahoo.com,3
1060,Tommie,Cooley,tommie.cooley@yahoo.com,3
1062,Jerri,Guthrie,jerri.guthrie@msn.com,3
1067,Lillia,Gillespie,lillia.gillespie@hotmail.com,3
1068,Doris,Kaufman,doris.kaufman@gmail.com,3
1070,Olimpia,Mays,olimpia.mays@aol.com,3
1072,Maryalice,Henry,maryalice.henry@msn.com,3
1075,Dann,Huff,dann.huff@gmail.com,3
1080,Mirella,Duffy,mirella.duffy@yahoo.com,3
1083,Cher,Alston,cher.alston@msn.com,3
1086,Cori,Schwartz,cori.schwartz@msn.com,3
1087,Willow,Gardner,willow.gardner@gmail.com,3
1090,Ira,Erickson,ira.erickson@aol.com,3
1093,Alejandrina,Hodges,alejandrina.hodges@msn.com,3
1096,Tonda,Webb,tonda.webb@yahoo.com,3
1097,Collen,Dennis,collen.dennis@gmail.com,3
1101,Louise,Flowers,louise.flowers@yahoo.com,3
1102,Henrietta,Wagner,henrietta.wagner@hotmail.com,3
1105,Armando,Black,armando.black@gmail.com,3
1108,Bao,Wade,bao.wade@gmail.com,3
1112,Hollis,Rasmussen,hollis.rasmussen@yahoo.com,3
1113,Kendra,Harrington,kendra.harrington@yahoo.com,3
1114,Douglass,Blankenship,douglass.blankenship@hotmail.com,3
1119,Tora,Dunlap,tora.dunlap@hotmail.com,3
1120,Karole,Alvarez,karole.alvarez@gmail.com,3
1125,Caleb,England,caleb.england@gmail.com,3
1128,Bea,Kane,bea.kane@aol.com,3
1129,Gilberto,Sanders,gilberto.sanders@hotmail.com,3
1134,Sherril,Alvarado,sherril.alvarado@hotmail.com,3
1135,Alisia,Albert,alisia.albert@gmail.com,3
1136,Kallie,Best,kallie.best@aol.com,3
1138,Hubert,Stone,hubert.stone@hotmail.com,3
1141,Mallie,Osborn,mallie.osborn@gmail.com,3
1145,Deandrea,Vega,deandrea.vega@gmail.com,3
1149,Drucilla,Gilliam,drucilla.gilliam@hotmail.com,3
1150,Keturah,Reid,keturah.reid@yahoo.com,3
1153,Ara,Vazquez,ara.vazquez@msn.com,3
1158,Vito,Pickett,vito.pickett@hotmail.com,3
1169,Beatris,Joyner,beatris.joyner@gmail.com,3
1171,Earlean,Pena,earlean.pena@yahoo.com,3
1172,Katherin,Clark,katherin.clark@yahoo.com,3
1173,Chanel,May,chanel.may@msn.com,3
1175,Sindy,Anderson,sindy.anderson@gmail.com,3
1181,Agustina,Lawrence,agustina.lawrence@yahoo.com,3
1183,Kim,Clark,kim.clark@msn.com,3
1189,Sheila,Goodman,sheila.goodman@msn.com,3
1194,Leticia,Snyder,leticia.snyder@yahoo.com,3
1197,Nakisha,Clay,nakisha.clay@gmail.com,3
1200,Aubrey,Durham,aubrey.durham@aol.com,3
1202,Carmina,Emerson,carmina.emerson@hotmail.com,3
1205,Emmaline,Huber,emmaline.huber@gmail.com,3
1208,Leila,Barr,leila.barr@yahoo.com,3
1209,Deandrea,Cox,deandrea.cox@msn.com,3
1210,Shawnna,Frank,shawnna.frank@hotmail.com,3
1211,Brenton,Whitaker,brenton.whitaker@gmail.com,3
1213,Yang,Giles,yang.giles@gmail.com,3
1215,Karl,Stephens,karl.stephens@gmail.com,3
1216,Elvina,Gates,elvina.gates@hotmail.com,3
1222,Geraldine,O'donnell,geraldine.o'donnell@hotmail.com,3
1224,Abram,Copeland,abram.copeland@gmail.com,3
1225,Mellisa,Griffin,mellisa.griffin@msn.com,3
1227,Magali,Dixon,magali.dixon@msn.com,3
1229,Carina,Lynch,carina.lynch@gmail.com,3
1231,Selene,Vega,selene.vega@gmail.com,3
1233,Lise,Hebert,lise.hebert@gmail.com,3
1234,Joshua,Berg,joshua.berg@hotmail.com,3
1240,Bella,Perez,bella.perez@msn.com,3
1244,Trang,Hardin,trang.hardin@yahoo.com,3
1246,Dale,Rasmussen,dale.rasmussen@aol.com,3
1247,Tammie,Cherry,tammie.cherry@hotmail.com,3
1249,Barbra,Dickerson,barbra.dickerson@gmail.com,3
1253,Susannah,Fields,susannah.fields@hotmail.com,3
1254,Dung,Reid,dung.reid@msn.com,3
1256,Nubia,Anderson,nubia.anderson@aol.com,3
1259,Kimbery,Nieves,kimbery.nieves@msn.com,3
1260,Phuong,Wolf,phuong.wolf@yahoo.com,3
1264,Devin,Velazquez,devin.velazquez@aol.com,3
1268,Sung,Chambers,sung.chambers@gmail.com,3
1271,Roy,Chan,roy.chan@hotmail.com,3
1273,Cheree,Hale,cheree.hale@yahoo.com,3
1274,Odette,Moses,odette.moses@gmail.com,3
1278,Loan,Graham,loan.graham@yahoo.com,3
1279,Stan,Saunders,stan.saunders@yahoo.com,3
1280,Jackeline,Colon,jackeline.colon@msn.com,3
1290,Minnie,Compton,minnie.compton@gmail.com,3
1295,Alline,Beasley,alline.beasley@yahoo.com,3
1296,Travis,Whitley,travis.whitley@aol.com,3
1298,Trudy,Riddle,trudy.riddle@aol.com,3
1300,Clorinda,Donovan,clorinda.donovan@msn.com,3
1314,Joeann,Garrison,joeann.garrison@yahoo.com,3
1315,Omega,Johnston,omega.johnston@gmail.com,3
1323,Ebony,Cotton,ebony.cotton@yahoo.com,3
1324,Arla,Ellis,arla.ellis@yahoo.com,3
1326,Tarra,Guerrero,tarra.guerrero@aol.com,3
1331,Divina,Reeves,divina.reeves@hotmail.com,3
1341,Rozanne,Reyes,rozanne.reyes@aol.com,3
1345,Arie,Hunter,arie.hunter@msn.com,3
1348,Yvone,Guerrero,yvone.guerrero@aol.com,3
1349,Kami,Rios,kami.rios@yahoo.com,3
1353,Agatha,Daniels,agatha.daniels@yahoo.com,3
1354,Alexandria,Zamora,alexandria.zamora@yahoo.com,3
1358,Noble,Glover,noble.glover@gmail.com,3
1359,Octavia,Donaldson,octavia.donaldson@hotmail.com,3
1367,Lucile,Manning,lucile.manning@yahoo.com,3
1368,Veronique,Fulton,veronique.fulton@yahoo.com,3
1372,Renna,Williams,renna.williams@hotmail.com,3
1375,Carlena,Salinas,carlena.salinas@gmail.com,3
1376,Kimberley,Reynolds,kimberley.reynolds@aol.com,3
1377,Johana,Jacobson,johana.jacobson@gmail.com,3
1382,Wynona,Douglas,wynona.douglas@msn.com,3
1384,Elmo,Sweeney,elmo.sweeney@yahoo.com,3
1385,Kenton,Hughes,kenton.hughes@gmail.com,3
1390,Genoveva,Lloyd,genoveva.lloyd@aol.com,3
1391,Sheryl,Chase,sheryl.chase@gmail.com,3
1397,Dewayne,Herring,dewayne.herring@aol.com,3
1399,Angelika,Perry,angelika.perry@msn.com,3
1401,Willetta,Murphy,willetta.murphy@msn.com,3
1403,Mila,Moody,mila.moody@gmail.com,3
1408,Eleanor,Mendez,eleanor.mendez@yahoo.com,3
1409,Lamar,Bush,lamar.bush@msn.com,3
1413,Ophelia,Decker,ophelia.decker@yahoo.com,3
1418,Penni,Best,penni.best@msn.com,3
1421,Edris,Barrett,edris.barrett@hotmail.com,3
1429,Lorrie,Justice,lorrie.justice@gmail.com,3
1433,Nicola,Knight,nicola.knight@aol.com,3
1438,Lee,Dunn,lee.dunn@aol.com,3
8,Jacquline,Duncan,jacquline.duncan@yahoo.com,2
40,Ronna,Butler,ronna.butler@gmail.com,2
49,Caroll,Hays,caroll.hays@yahoo.com,2
52,Tu,Ramirez,tu.ramirez@hotmail.com,2
64,Bobbie,Foster,bobbie.foster@yahoo.com,2
67,Tommie,Melton,tommie.melton@gmail.com,2
74,Georgeann,Waller,georgeann.waller@yahoo.com,2
78,Chi,Goff,chi.goff@aol.com,2
95,Letitia,Franco,letitia.franco@aol.com,2
96,Floretta,Higgins,floretta.higgins@hotmail.com,2
101,Nichelle,Howell,nichelle.howell@aol.com,2
102,Marisol,Goodman,marisol.goodman@gmail.com,2
103,Sylvie,Wilkerson,sylvie.wilkerson@yahoo.com,2
106,Raul,Melendez,raul.melendez@hotmail.com,2
107,Cecil,Hopper,cecil.hopper@yahoo.com,2
114,Thalia,Horne,thalia.horne@yahoo.com,2
117,Dacia,William,dacia.william@msn.com,2
118,Le,Wood,le.wood@yahoo.com,2
121,Lucy,Woods,lucy.woods@gmail.com,2
125,Herlinda,Stone,herlinda.stone@msn.com,2
128,Terrance,Lynn,terrance.lynn@yahoo.com,2
129,Walton,Dejesus,walton.dejesus@yahoo.com,2
131,Tanesha,Hampton,tanesha.hampton@hotmail.com,2
134,Brianna,Moss,brianna.moss@msn.com,2
139,Wanita,Davenport,wanita.davenport@aol.com,2
143,Janae,Doyle,janae.doyle@gmail.com,2
150,Weldon,Michael,weldon.michael@hotmail.com,2
156,Charlyn,Cantrell,charlyn.cantrell@yahoo.com,2
158,Alane,Kennedy,alane.kennedy@yahoo.com,2
159,Regina,Burns,regina.burns@aol.com,2
162,Kam,Wilder,kam.wilder@hotmail.com,2
168,Nettie,Mcdaniel,nettie.mcdaniel@hotmail.com,2
173,Marquerite,Dawson,marquerite.dawson@gmail.com,2
179,Deane,Sears,deane.sears@hotmail.com,2
185,Morton,Lee,morton.lee@yahoo.com,2
186,Ken,Charles,ken.charles@msn.com,2
189,Damian,Dawson,damian.dawson@hotmail.com,2
193,Ayanna,Rhodes,ayanna.rhodes@msn.com,2
202,Marni,Bolton,marni.bolton@msn.com,2
204,Alpha,King,alpha.king@hotmail.com,2
211,Gilma,Dejesus,gilma.dejesus@yahoo.com,2
212,Buford,Bridges,buford.bridges@msn.com,2
213,Elenore,Hensley,elenore.hensley@hotmail.com,2
222,Anya,Contreras,anya.contreras@msn.com,2
223,Scarlet,Yates,scarlet.yates@hotmail.com,2
234,Winfred,Harris,winfred.harris@msn.com,2
235,Jeromy,Elliott,jeromy.elliott@gmail.com,2
236,Verona,O'neill,verona.o'neill@hotmail.com,2
237,Elvera,Peck,elvera.peck@yahoo.com,2
238,Cindi,Larson,cindi.larson@msn.com,2
241,Manie,Sanchez,manie.sanchez@hotmail.com,2
242,Rutha,Howell,rutha.howell@gmail.com,2
244,Jessika,Bray,jessika.bray@yahoo.com,2
246,Dionne,Norris,dionne.norris@yahoo.com,2
247,Muriel,Juarez,muriel.juarez@gmail.com,2
248,Cecelia,Gill,cecelia.gill@aol.com,2
250,Ivonne,Yang,ivonne.yang@gmail.com,2
252,Eleni,Gordon,eleni.gordon@hotmail.com,2
256,Erma,Salinas,erma.salinas@gmail.com,2
260,Rodrick,Shelton,rodrick.shelton@hotmail.com,2
261,Ferne,Kline,ferne.kline@hotmail.com,2
264,Mariela,Huffman,mariela.huffman@gmail.com,2
265,Mellisa,Farley,mellisa.farley@yahoo.com,2
266,Myung,Hooper,myung.hooper@gmail.com,2
267,Angelina,Lloyd,angelina.lloyd@yahoo.com,2
268,Trinity,Riddle,trinity.riddle@aol.com,2
270,Claudio,Wise,claudio.wise@hotmail.com,2
273,Queenie,Vance,queenie.vance@gmail.com,2
275,Pinkie,Kirkland,pinkie.kirkland@yahoo.com,2
283,Jaimee,Day,jaimee.day@aol.com,2
284,Susann,Bass,susann.bass@msn.com,2
288,Keturah,Massey,keturah.massey@msn.com,2
289,Charmain,Webster,charmain.webster@hotmail.com,2
290,Barry,Buckner,barry.buckner@gmail.com,2
293,Tiny,French,tiny.french@hotmail.com,2
294,Clementina,Sargent,clementina.sargent@hotmail.com,2
297,Christia,Carson,christia.carson@gmail.com,2
299,Jame,Riggs,jame.riggs@hotmail.com,2
302,Hayden,Cross,hayden.cross@gmail.com,2
307,Fransisca,Nicholson,fransisca.nicholson@aol.com,2
310,Gilberto,Parsons,gilberto.parsons@gmail.com,2
313,Melani,Jarvis,melani.jarvis@hotmail.com,2
315,Justina,Jenkins,justina.jenkins@yahoo.com,2
317,Christia,Wilkins,christia.wilkins@msn.com,2
319,Justin,Newton,justin.newton@hotmail.com,2
320,Aron,Wiggins,aron.wiggins@aol.com,2
321,Chere,Hardin,chere.hardin@yahoo.com,2
324,Laureen,Paul,laureen.paul@yahoo.com,2
330,Sheba,Knapp,sheba.knapp@aol.com,2
331,Aleta,Mack,aleta.mack@yahoo.com,2
335,Scarlet,Reed,scarlet.reed@hotmail.com,2
336,Trisha,Johnson,trisha.johnson@msn.com,2
343,Jesica,Fields,jesica.fields@yahoo.com,2
345,Mi,Gray,mi.gray@aol.com,2
348,Darren,Witt,darren.witt@aol.com,2
353,Tisa,Whitney,tisa.whitney@yahoo.com,2
355,Arvilla,Weiss,arvilla.weiss@msn.com,2
356,Vashti,Rosario,vashti.rosario@yahoo.com,2
357,Sheri,Cole,sheri.cole@aol.com,2
358,Kandace,Giles,kandace.giles@msn.com,2
359,Angie,Powers,angie.powers@aol.com,2
361,Virgina,Berg,virgina.berg@yahoo.com,2
364,Bev,Chang,bev.chang@yahoo.com,2
365,Rodger,Rojas,rodger.rojas@yahoo.com,2
366,Lavonne,Anderson,lavonne.anderson@aol.com,2
367,Blanca,Hooper,blanca.hooper@msn.com,2
372,Collene,Roman,collene.roman@aol.com,2
376,Elanor,Patrick,elanor.patrick@aol.com,2
377,Klara,Mosley,klara.mosley@gmail.com,2
379,Mina,Carrillo,mina.carrillo@aol.com,2
382,Collin,Webster,collin.webster@aol.com,2
383,Ashlee,Pena,ashlee.pena@aol.com,2
385,Rochelle,Ward,rochelle.ward@yahoo.com,2
387,Kaila,Walters,kaila.walters@msn.com,2
389,Leif,Short,leif.short@gmail.com,2
392,Cyndi,Bush,cyndi.bush@gmail.com,2
393,Gertrude,Terry,gertrude.terry@hotmail.com,2
394,Virgen,Clemons,virgen.clemons@gmail.com,2
395,Fairy,Robinson,fairy.robinson@msn.com,2
397,Jeannie,Wilcox,jeannie.wilcox@yahoo.com,2
399,Bart,Hess,bart.hess@aol.com,2
403,Elouise,Fry,elouise.fry@aol.com,2
404,Augustus,Steele,augustus.steele@aol.com,2
405,Greta,Page,greta.page@hotmail.com,2
409,Jerome,Bolton,jerome.bolton@msn.com,2
413,Ginette,Edwards,ginette.edwards@hotmail.com,2
416,Luke,Fuller,luke.fuller@hotmail.com,2
417,Zoraida,Patton,zoraida.patton@aol.com,2
419,Krystin,Marshall,krystin.marshall@hotmail.com,2
424,Charleen,Hurst,charleen.hurst@yahoo.com,2
429,Emmett,Casey,emmett.casey@yahoo.com,2
430,Kandi,Mcneil,kandi.mcneil@msn.com,2
432,Julius,Holt,julius.holt@aol.com,2
433,Holly,Nieves,holly.nieves@aol.com,2
434,Douglass,Little,douglass.little@hotmail.com,2
436,Honey,Camacho,honey.camacho@gmail.com,2
438,Katharine,Herrera,katharine.herrera@hotmail.com,2
449,Josie,Schultz,josie.schultz@hotmail.com,2
456,Serina,Hensley,serina.hensley@yahoo.com,2
458,Everett,Vega,everett.vega@yahoo.com,2
460,Romelia,Myers,romelia.myers@msn.com,2
465,Birdie,Kramer,birdie.kramer@hotmail.com,2
468,Jeanett,Herman,jeanett.herman@hotmail.com,2
470,Loise,Walker,loise.walker@aol.com,2
474,Lavern,Orr,lavern.orr@hotmail.com,2
481,Jayson,Rutledge,jayson.rutledge@yahoo.com,2
484,Chelsey,Boyd,chelsey.boyd@yahoo.com,2
488,Joaquin,Hawkins,joaquin.hawkins@aol.com,2
489,Kirstie,Vazquez,kirstie.vazquez@gmail.com,2
490,Yu,Mcdonald,yu.mcdonald@aol.com,2
493,Lise,Alvarado,lise.alvarado@gmail.com,2
494,Pearl,Fox,pearl.fox@yahoo.com,2
495,Travis,Goodman,travis.goodman@yahoo.com,2
497,Ezra,Fowler,ezra.fowler@hotmail.com,2
498,Edda,Young,edda.young@gmail.com,2
503,Marlo,Jefferson,marlo.jefferson@gmail.com,2
504,Tiana,Henderson,tiana.henderson@aol.com,2
510,Faustino,Delacruz,faustino.delacruz@msn.com,2
511,Julienne,Moody,julienne.moody@hotmail.com,2
512,Hee,Greer,hee.greer@hotmail.com,2
516,Rosa,Kinney,rosa.kinney@yahoo.com,2
522,Tammera,Fischer,tammera.fischer@hotmail.com,2
523,Joshua,Robertson,joshua.robertson@gmail.com,2
533,Garret,Clay,garret.clay@yahoo.com,2
535,Inge,Olsen,inge.olsen@msn.com,2
540,Shery,Randolph,shery.randolph@hotmail.com,2
546,Thad,Castro,thad.castro@msn.com,2
550,Felicidad,Golden,felicidad.golden@yahoo.com,2
551,Jenine,Crane,jenine.crane@msn.com,2
553,Rory,Cooper,rory.cooper@gmail.com,2
565,Dagny,Owen,dagny.owen@hotmail.com,2
567,Sheila,Travis,sheila.travis@yahoo.com,2
573,Rubye,Mccall,rubye.mccall@hotmail.com,2
574,Adriene,Rivera,adriene.rivera@hotmail.com,2
579,Matilda,Larson,matilda.larson@hotmail.com,2
582,Soledad,Moses,soledad.moses@yahoo.com,2
584,Lynne,Anderson,lynne.anderson@msn.com,2
587,Euna,Lopez,euna.lopez@gmail.com,2
588,Cherelle,Key,cherelle.key@msn.com,2
590,Cyndi,Dyer,cyndi.dyer@msn.com,2
591,Danilo,Holmes,danilo.holmes@gmail.com,2
597,Rudolf,Moran,rudolf.moran@gmail.com,2
598,Benito,Hendrix,benito.hendrix@gmail.com,2
599,Jonell,Rivas,jonell.rivas@msn.com,2
604,Kylee,Dickson,kylee.dickson@gmail.com,2
606,Sarah,Kirkland,sarah.kirkland@aol.com,2
616,Shery,Acosta,shery.acosta@yahoo.com,2
618,Skye,Pope,skye.pope@yahoo.com,2
620,Eric,Hardin,eric.hardin@gmail.com,2
621,Basil,Ballard,basil.ballard@yahoo.com,2
626,Leigh,Burke,leigh.burke@hotmail.com,2
627,Deloris,Larson,deloris.larson@aol.com,2
628,Ehtel,Cobb,ehtel.cobb@hotmail.com,2
629,Evelina,Byrd,evelina.byrd@msn.com,2
631,Tressa,Weiss,tressa.weiss@msn.com,2
635,Myrtie,James,myrtie.james@yahoo.com,2
636,Ashton,Lott,ashton.lott@hotmail.com,2
638,Tomeka,Higgins,tomeka.higgins@msn.com,2
639,Ronald,Parsons,ronald.parsons@msn.com,2
640,Allison,Nolan,allison.nolan@gmail.com,2
641,Derrick,Marks,derrick.marks@yahoo.com,2
644,Valentin,Mclaughlin,valentin.mclaughlin@hotmail.com,2
646,Ann,Heath,ann.heath@msn.com,2
647,Janelle,Maldonado,janelle.maldonado@gmail.com,2
649,Eli,Contreras,eli.contreras@hotmail.com,2
650,Rita,Bailey,rita.bailey@hotmail.com,2
654,Eun,Harris,eun.harris@gmail.com,2
656,Romana,Barnes,romana.barnes@yahoo.com,2
664,Augustus,Schmidt,augustus.schmidt@msn.com,2
665,Stacie,Sims,stacie.sims@hotmail.com,2
666,Brittni,Green,brittni.green@msn.com,2
669,Willis,Randolph,willis.randolph@yahoo.com,2
670,Shawnda,Glover,shawnda.glover@gmail.com,2
671,Jennette,Baker,jennette.baker@gmail.com,2
673,Adam,Henderson,adam.henderson@hotmail.com,2
679,Tuan,Wolfe,tuan.wolfe@aol.com,2
680,Mathilda,Pennington,mathilda.pennington@gmail.com,2
689,Deirdre,Ryan,deirdre.ryan@yahoo.com,2
696,Norine,Huffman,norine.huffman@aol.com,2
698,Charleen,Joyner,charleen.joyner@aol.com,2
699,Zella,Fernandez,zella.fernandez@yahoo.com,2
700,Collene,Knox,collene.knox@msn.com,2
705,Camille,Harvey,camille.harvey@hotmail.com,2
707,Terese,Briggs,terese.briggs@msn.com,2
709,Vinnie,Chan,vinnie.chan@aol.com,2
710,Ezra,Silva,ezra.silva@msn.com,2
712,Kecia,Olsen,kecia.olsen@msn.com,2
716,Sebrina,Hart,sebrina.hart@yahoo.com,2
720,Devin,Shaffer,devin.shaffer@gmail.com,2
722,Camila,Carroll,camila.carroll@yahoo.com,2
724,Lois,Steele,lois.steele@yahoo.com,2
736,Genny,Hensley,genny.hensley@yahoo.com,2
739,Bobbi,Banks,bobbi.banks@yahoo.com,2
742,Evelina,Manning,evelina.manning@aol.com,2
743,Tania,Swanson,tania.swanson@yahoo.com,2
750,Romaine,Salazar,romaine.salazar@yahoo.com,2
758,Raymonde,Garcia,raymonde.garcia@aol.com,2
762,Quyen,Houston,quyen.houston@gmail.com,2
763,Han,Schneider,han.schneider@gmail.com,2
769,Agatha,Melton,agatha.melton@yahoo.com,2
770,Lavonda,Stephenson,lavonda.stephenson@gmail.com,2
775,Kermit,Hyde,kermit.hyde@hotmail.com,2
777,Ilda,Roberson,ilda.roberson@aol.com,2
778,Corrinne,Garrison,corrinne.garrison@yahoo.com,2
779,Major,Merrill,major.merrill@aol.com,2
780,Ouida,Gregory,ouida.gregory@aol.com,2
782,Ricki,Bullock,ricki.bullock@hotmail.com,2
784,Debbra,Jacobson,debbra.jacobson@yahoo.com,2
787,Malisa,Mitchell,malisa.mitchell@msn.com,2
789,Tad,Gardner,tad.gardner@hotmail.com,2
791,Yun,Nelson,yun.nelson@hotmail.com,2
796,Rosalie,Coffey,rosalie.coffey@gmail.com,2
797,Cathey,Lamb,cathey.lamb@msn.com,2
807,Nathalie,Knowles,nathalie.knowles@aol.com,2
814,Ghislaine,Compton,ghislaine.compton@aol.com,2
816,Marshall,Johnson,marshall.johnson@yahoo.com,2
821,Cassidy,Clark,cassidy.clark@hotmail.com,2
823,Tina,Bush,tina.bush@aol.com,2
824,Veronika,Rollins,veronika.rollins@yahoo.com,2
825,Kristel,Byrd,kristel.byrd@hotmail.com,2
826,Shay,Stephenson,shay.stephenson@aol.com,2
831,Lory,Berg,lory.berg@aol.com,2
834,Brain,Skinner,brain.skinner@hotmail.com,2
838,Erna,Sloan,erna.sloan@aol.com,2
841,Manie,Maxwell,manie.maxwell@gmail.com,2
842,Giselle,Robles,giselle.robles@hotmail.com,2
845,Kathyrn,Bush,kathyrn.bush@gmail.com,2
846,Sylvester,Chan,sylvester.chan@hotmail.com,2
848,Ernestina,Skinner,ernestina.skinner@hotmail.com,2
849,Phyllis,Hill,phyllis.hill@yahoo.com,2
855,Lean,Stark,lean.stark@msn.com,2
861,Olympia,Figueroa,olympia.figueroa@hotmail.com,2
862,Mellie,Puckett,mellie.puckett@yahoo.com,2
863,Shonta,Preston,shonta.preston@msn.com,2
865,Julia,Joyner,julia.joyner@msn.com,2
867,Rosalva,Hamilton,rosalva.hamilton@aol.com,2
869,Rodrigo,Durham,rodrigo.durham@aol.com,2
876,Onita,Macdonald,onita.macdonald@yahoo.com,2
879,Ethelyn,Ray,ethelyn.ray@yahoo.com,2
882,Hilda,Harvey,hilda.harvey@gmail.com,2
889,Lucilla,Williams,lucilla.williams@hotmail.com,2
898,Crysta,Velez,crysta.velez@yahoo.com,2
900,Jule,Davenport,jule.davenport@aol.com,2
902,Elease,Dejesus,elease.dejesus@gmail.com,2
907,Daina,Sampson,daina.sampson@msn.com,2
908,Delmar,Wise,delmar.wise@yahoo.com,2
909,Alita,Salinas,alita.salinas@hotmail.com,2
913,Liliana,Kerr,liliana.kerr@yahoo.com,2
914,Hortencia,O'neil,hortencia.o'neil@hotmail.com,2
915,Beryl,Bennett,beryl.bennett@aol.com,2
920,James,Robles,james.robles@aol.com,2
921,Evelin,Vargas,evelin.vargas@msn.com,2
923,Randee,Pitts,randee.pitts@msn.com,2
924,Lea,Irwin,lea.irwin@gmail.com,2
926,Katina,Mcintosh,katina.mcintosh@yahoo.com,2
928,Joann,Barber,joann.barber@gmail.com,2
932,Yvonne,Bean,yvonne.bean@yahoo.com,2
934,Ocie,Slater,ocie.slater@msn.com,2
935,Genevie,Miles,genevie.miles@aol.com,2
937,Aida,Koch,aida.koch@gmail.com,2
938,Emory,O'connor,emory.o'connor@gmail.com,2
940,Marina,Hinton,marina.hinton@yahoo.com,2
944,Tonja,Henderson,tonja.henderson@aol.com,2
947,Angele,Castro,angele.castro@yahoo.com,2
948,Siobhan,Lang,siobhan.lang@gmail.com,2
949,Venessa,Frost,venessa.frost@msn.com,2
950,Verna,Solis,verna.solis@yahoo.com,2
954,Hassan,Nash,hassan.nash@yahoo.com,2
957,Stephen,Vega,stephen.vega@msn.com,2
959,Christel,Barber,christel.barber@hotmail.com,2
966,Novella,Patel,novella.patel@gmail.com,2
972,Damian,Mills,damian.mills@yahoo.com,2
974,Marcell,Barrett,marcell.barrett@gmail.com,2
978,Diana,Reyes,diana.reyes@msn.com,2
980,Carter,Booth,carter.booth@msn.com,2
982,Orval,Hunter,orval.hunter@aol.com,2
986,Marcel,Lindsay,marcel.lindsay@hotmail.com,2
988,Vanda,Holmes,vanda.holmes@aol.com,2
1000,Shiloh,Reeves,shiloh.reeves@msn.com,2
1002,Cami,Williamson,cami.williamson@hotmail.com,2
1003,Sharell,Ross,sharell.ross@msn.com,2
1005,Ruthanne,Franco,ruthanne.franco@yahoo.com,2
1008,Berneice,Pollard,berneice.pollard@hotmail.com,2
1013,Alma,Peck,alma.peck@aol.com,2
1015,Nichelle,Rosario,nichelle.rosario@hotmail.com,2
1016,Shenna,Benton,shenna.benton@msn.com,2
1017,Philip,Bryan,philip.bryan@hotmail.com,2
1021,Nicolas,Carlson,nicolas.carlson@yahoo.com,2
1023,Adena,Blake,adena.blake@hotmail.com,2
1025,Daphine,Willis,daphine.willis@msn.com,2
1026,Jenine,Dawson,jenine.dawson@msn.com,2
1030,Saran,Moses,saran.moses@yahoo.com,2
1032,Vernon,Knowles,vernon.knowles@yahoo.com,2
1035,Tangela,Hurley,tangela.hurley@msn.com,2
1037,Ashanti,Hammond,ashanti.hammond@msn.com,2
1038,Garry,Juarez,garry.juarez@hotmail.com,2
1039,Bee,Baker,bee.baker@aol.com,2
1047,Jamaal,Baker,jamaal.baker@hotmail.com,2
1049,Marcelino,Mcbride,marcelino.mcbride@hotmail.com,2
1053,Parthenia,Figueroa,parthenia.figueroa@msn.com,2
1056,Rebbecca,Espinoza,rebbecca.espinoza@hotmail.com,2
1058,Aisha,Woods,aisha.woods@gmail.com,2
1059,Season,Harvey,season.harvey@yahoo.com,2
1061,Alanna,Barry,alanna.barry@yahoo.com,2
1063,Tammy,Austin,tammy.austin@yahoo.com,2
1064,Patsy,Russo,patsy.russo@gmail.com,2
1066,Raeann,Duncan,raeann.duncan@aol.com,2
1069,Rodolfo,Buck,rodolfo.buck@gmail.com,2
1071,Shemeka,Lyons,shemeka.lyons@msn.com,2
1079,Cindi,Ellis,cindi.ellis@yahoo.com,2
1084,Regine,Odom,regine.odom@msn.com,2
1085,Adam,Thornton,adam.thornton@hotmail.com,2
1088,Jane,Henderson,jane.henderson@hotmail.com,2
1089,Chere,Mcfadden,chere.mcfadden@yahoo.com,2
1094,Keitha,Black,keitha.black@yahoo.com,2
1098,Treasa,Dickerson,treasa.dickerson@hotmail.com,2
1100,Penny,Acevedo,penny.acevedo@yahoo.com,2
1103,Ardelia,Cooley,ardelia.cooley@aol.com,2
1104,Khalilah,Robertson,khalilah.robertson@aol.com,2
1109,Gussie,Harding,gussie.harding@gmail.com,2
1117,Jeffrey,Hill,jeffrey.hill@gmail.com,2
1118,Ja,Dillard,ja.dillard@yahoo.com,2
1121,Shasta,Combs,shasta.combs@yahoo.com,2
1126,Elmira,Levy,elmira.levy@gmail.com,2
1133,Dung,King,dung.king@aol.com,2
1137,Dottie,Roberts,dottie.roberts@aol.com,2
1139,Gabriella,Jones,gabriella.jones@hotmail.com,2
1140,Penney,Hall,penney.hall@msn.com,2
1144,Jewel,Sparks,jewel.sparks@aol.com,2
1151,Herminia,Reyes,herminia.reyes@gmail.com,2
1154,Barry,Albert,barry.albert@gmail.com,2
1155,Verdell,Joyner,verdell.joyner@aol.com,2
1156,Han,Wade,han.wade@hotmail.com,2
1159,Charlene,Norris,charlene.norris@msn.com,2
1160,Efren,Whitfield,efren.whitfield@gmail.com,2
1161,Santa,Larson,santa.larson@gmail.com,2
1162,Carmelina,Sellers,carmelina.sellers@hotmail.com,2
1164,Patrina,Tanner,patrina.tanner@gmail.com,2
1174,Aaron,Knapp,aaron.knapp@yahoo.com,2
1177,Charlesetta,Soto,charlesetta.soto@yahoo.com,2
1178,Wendie,Nash,wendie.nash@hotmail.com,2
1179,Vernetta,Banks,vernetta.banks@aol.com,2
1184,Annabelle,Hebert,annabelle.hebert@aol.com,2
1185,Corine,Stuart,corine.stuart@msn.com,2
1187,Kenyetta,Mason,kenyetta.mason@msn.com,2
1188,Marcene,Curtis,marcene.curtis@msn.com,2
1190,Romeo,Steele,romeo.steele@msn.com,2
1191,Tam,Fisher,tam.fisher@aol.com,2
1193,Phebe,Soto,phebe.soto@hotmail.com,2
1195,Chantell,Bridges,chantell.bridges@yahoo.com,2
1198,Cheryll,Snyder,cheryll.snyder@yahoo.com,2
1199,Consuela,Collier,consuela.collier@msn.com,2
1204,Leslie,Higgins,leslie.higgins@hotmail.com,2
1214,Brigid,Sharp,brigid.sharp@hotmail.com,2
1217,Carlie,Terrell,carlie.terrell@yahoo.com,2
1219,Alden,Atkinson,alden.atkinson@gmail.com,2
1220,Carissa,Cross,carissa.cross@yahoo.com,2
1223,Bronwyn,Vargas,bronwyn.vargas@msn.com,2
1226,Qiana,Jackson,qiana.jackson@gmail.com,2
1230,Jesus,Burch,jesus.burch@hotmail.com,2
1232,Jong,Guthrie,jong.guthrie@hotmail.com,2
1235,Georgina,Gonzales,georgina.gonzales@yahoo.com,2
1236,Rudolph,Velez,rudolph.velez@yahoo.com,2
1238,Edgar,Quinn,edgar.quinn@aol.com,2
1239,Tara,Maynard,tara.maynard@hotmail.com,2
1242,Chauncey,Donaldson,chauncey.donaldson@aol.com,2
1243,Heide,Reed,heide.reed@yahoo.com,2
1248,Bethany,Herring,bethany.herring@yahoo.com,2
1250,Neoma,Daugherty,neoma.daugherty@gmail.com,2
1251,Nanette,Roman,nanette.roman@yahoo.com,2
1252,Adriene,Rollins,adriene.rollins@msn.com,2
1255,Ben,Stone,ben.stone@gmail.com,2
1257,Rosamaria,Meyer,rosamaria.meyer@yahoo.com,2
1258,Todd,Waters,todd.waters@yahoo.com,2
1262,Brianne,Hays,brianne.hays@gmail.com,2
1263,Rufina,Chandler,rufina.chandler@aol.com,2
1265,Bonita,Marshall,bonita.marshall@msn.com,2
1266,Myrl,Gay,myrl.gay@hotmail.com,2
1269,Gustavo,Gamble,gustavo.gamble@msn.com,2
1275,Lenita,Bonner,lenita.bonner@aol.com,2
1276,Shona,Mcmillan,shona.mcmillan@msn.com,2
1281,Marlen,Dawson,marlen.dawson@msn.com,2
1287,Victor,Pittman,victor.pittman@aol.com,2
1291,Shiloh,Bates,shiloh.bates@msn.com,2
1292,Lakenya,Oliver,lakenya.oliver@yahoo.com,2
1293,Sally,Kinney,sally.kinney@msn.com,2
1294,Edith,Davenport,edith.davenport@gmail.com,2
1299,Shauna,Edwards,shauna.edwards@msn.com,2
1301,Raven,Curtis,raven.curtis@aol.com,2
1302,Verda,Gilbert,verda.gilbert@gmail.com,2
1303,Renay,Atkins,renay.atkins@aol.com,2
1305,Dalia,Carson,dalia.carson@aol.com,2
1306,America,Swanson,america.swanson@msn.com,2
1308,Shea,Howell,shea.howell@msn.com,2
1310,Emanuel,Mckee,emanuel.mckee@yahoo.com,2
1312,Tereasa,Bird,tereasa.bird@aol.com,2
1313,Dante,Grimes,dante.grimes@yahoo.com,2
1316,Conrad,Mueller,conrad.mueller@yahoo.com,2
1318,Tisha,Petty,tisha.petty@msn.com,2
1321,Shantel,Gregory,shantel.gregory@yahoo.com,2
1322,Ai,Forbes,ai.forbes@yahoo.com,2
1329,Sharyn,Brewer,sharyn.brewer@aol.com,2
1330,Karren,Stevenson,karren.stevenson@aol.com,2
1332,Novella,Ross,novella.ross@gmail.com,2
1335,Corina,Lynch,corina.lynch@msn.com,2
1337,Bernetta,Summers,bernetta.summers@aol.com,2
1338,Inez,Snider,inez.snider@gmail.com,2
1339,Neida,King,neida.king@aol.com,2
1343,Jama,Rodriquez,jama.rodriquez@msn.com,2
1344,Eloisa,Tucker,eloisa.tucker@hotmail.com,2
1346,Sanora,Webster,sanora.webster@msn.com,2
1347,Kate,Barber,kate.barber@hotmail.com,2
1351,Carman,Hardy,carman.hardy@yahoo.com,2
1352,Dorothea,Miranda,dorothea.miranda@aol.com,2
1355,Thad,Gilliam,thad.gilliam@hotmail.com,2
1356,Inger,Jennings,inger.jennings@yahoo.com,2
1361,Destiny,Goodman,destiny.goodman@msn.com,2
1362,Christiana,Gross,christiana.gross@yahoo.com,2
1363,Nestor,Haynes,nestor.haynes@msn.com,2
1369,Starr,Schneider,starr.schneider@aol.com,2
1371,Pandora,Estes,pandora.estes@aol.com,2
1373,Lanora,Robbins,lanora.robbins@hotmail.com,2
1378,Enoch,Rosario,enoch.rosario@hotmail.com,2
1379,Dorine,Thornton,dorine.thornton@gmail.com,2
1381,Mercedez,Brooks,mercedez.brooks@hotmail.com,2
1383,Desire,Mcgowan,desire.mcgowan@msn.com,2
1392,Trista,Lambert,trista.lambert@gmail.com,2
1393,Vivian,Deleon,vivian.deleon@msn.com,2
1394,Genny,Fields,genny.fields@msn.com,2
1400,Shayla,Hart,shayla.hart@msn.com,2
1405,Thanh,Figueroa,thanh.figueroa@yahoo.com,2
1407,Hugh,Craft,hugh.craft@msn.com,2
1410,Lurlene,Finch,lurlene.finch@msn.com,2
1412,Adrien,Hunter,adrien.hunter@yahoo.com,2
1422,Tempie,Jacobson,tempie.jacobson@hotmail.com,2
1426,Londa,Gould,londa.gould@aol.com,2
1430,Tayna,Wade,tayna.wade@hotmail.com,2
1431,Mark,Benton,mark.benton@aol.com,2
1440,Ernest,Rollins,ernest.rollins@yahoo.com,2
1441,Jamaal,Morrison,jamaal.morrison@msn.com,2
1442,Cassie,Cline,cassie.cline@gmail.com,2
1444,Ivette,Estes,ivette.estes@gmail.com,2
